text,label,language
Are there any severe weather warnings in Bengaluru?,weather_alert,en
আগামীকাল দিল্লি এর আবহাওয়া কেমন থাকবে?,weather_forecast,bn
ভুবনেশ্বর এ কোনো আবহাওয়া সতর্কতা জারি হয়েছে?,weather_alert,bn
ଆସନ୍ତାକାଲି ଚେନ୍ନାଇରେ ବର୍ଷା ହେବ କି?,rain,or
కోల్‌కతాలో ఎంత వేడిగా ఉంది?,temperature,te
ಚೆನ್ನೈನಲ್ಲಿ ತಾಪಮಾನ ಎಷ್ಟು?,temperature,kn
দিল্লি এ কোনো আবহাওয়া সতর্কতা জারি হয়েছে?,weather_alert,bn
ముంబైలో గాలి ఎంత వేగంగా వీస్తోంది?,wind,te
बेंगलुरु में हवा कितनी तेज है?,wind,hi
আগামীকাল কি বেঙ্গালুরু এ বৃষ্টি হবে?,rain,bn
ಪುಣೆನಲ್ಲಿ ಸೂರ್ಯೋದಯ ಯಾವಾಗ?,sunrise_sunset,kn
दिल्ली मध्ये सूर्योदय किती वाजता होतो?,sunrise_sunset,mr
రేపు పుణెలో ఉష్ణోగ్రత ఎంత ఉంటుంది?,temperature,te
ਕੋਲਕਾਤਾ ਵਿੱਚ ਹਵਾ ਦੀ ਗੁਣਵੱਤਾ ਕਿਹੋ ਜਿਹੀ ਹੈ?,air_quality,pa
What is the AQI in Hyderabad?,air_quality,en
కోల్‌కతాలో ప్రస్తుత వాతావరణం ఎలా ఉంది?,weather_current,te
चेन्नई में बारिश की संभावना है?,rain,hi
நாளை மும்பைவில் வானிலை எப்படி இருக்கும்?,weather_forecast,ta
દિલ્હીમાં તાપમાન કેટલું છે?,temperature,gu
આજે દિલ્હીમાં ભેજ કેટલો રહેશે?,humidity,gu
ଆସନ୍ତାକାଲି ଚେନ୍ନାଇରେ ପାଗ କେମିତି ରହିବ?,weather_forecast,or
How is the weather today in Pune?,weather_current,en
ଭୁବନେଶ୍ୱରର ପାଗ ପୂର୍ବାନୁମାନ କଣ?,weather_forecast,or
ਦਿੱਲੀ ਵਿੱਚ ਅੱਜ ਮੌਸਮ ਕਿਹੋ ਜਿਹਾ ਹੈ?,weather_current,pa
ଏହି ସପ୍ତାହ ଶେଷରେ ମୁମ୍ବାଇର ପାଗ କେମିତି ରହିବ?,weather_forecast,or
புவனேஸ்வர்வில் ஏதேனும் வானிலை எச்சரிக்கை உள்ளதா?,weather_alert,ta
આ સપ્તાહના અંતે મુંબઈમાં હવામાન કેવું રહેશે?,weather_forecast,gu
ਅੱਜ ਮੁੰਬਈ ਵਿੱਚ ਨਮੀ ਕਿੰਨੀ ਰਹੇਗੀ?,humidity,pa
मुंबई मध्ये वारा किती जोरात आहे?,wind,mr
రేపు హైదరాబాద్లో వాతావరణం ఎలా ఉంటుంది?,weather_forecast,te
ਇਸ ਹਫ਼ਤੇ ਦੇ ਅੰਤ ਵਿੱਚ ਮੁੰਬਈ ਵਿੱਚ ਮੌਸਮ ਕਿਹੋ ਜਿਹਾ ਰਹੇਗਾ?,weather_forecast,pa
"ಬೆಂಗಳೂರು ಅಥವಾ ದೆಹಲಿ, ಯಾವುದು ಹೆಚ್ಚು ತಂಪಾಗಿದೆ?",weather_comparison,kn
ଦିଲ୍ଲୀର AQI କେତେ?,air_quality,or
ଭୁବନେଶ୍ୱରରେ କେତେ ଗରମ ଅଛି?,temperature,or
ਮੁੰਬਈ ਅਤੇ ਪੁਣੇ ਵਿੱਚੋਂ ਕਿਹੜਾ ਠੰਡਾ ਹੈ?,weather_comparison,pa
चेन्नई और हैदराबाद के मौसम की तुलना करो।,weather_comparison,hi
इस सप्ताह के अंत में पुणे में मौसम कैसा रहेगा?,weather_forecast,hi
আগামীকাল পুনে এর আবহাওয়া কেমন থাকবে?,weather_forecast,bn
हैदराबाद में हवा की गुणवत्ता कैसी है?,air_quality,hi
भुवनेश्वर में हवा कितनी तेज है?,wind,hi
What is the wind speed in Kolkata?,wind,en
ఢిల్లీలో ఈ రోజు వాతావరణం ఎలా ఉంది?,weather_current,te
"Which city is colder, Hyderabad or Kolkata?",weather_comparison,en
चेन्नई चे हवामान अंदाज सांगा.,weather_forecast,mr
ఢిల్లీలో ఉష్ణోగ్రత ఎంత?,temperature,te
బెంగళూరు AQI ఎంత?,air_quality,te
हैदराबाद में आर्द्रता कितनी है?,humidity,hi
ਭੁਵਨੇਸ਼ਵਰ ਵਿੱਚ ਮੌਸਮ ਦੀ ਕੋਈ ਚੇਤਾਵਨੀ ਹੈ?,weather_alert,pa
ବେଙ୍ଗାଲୁରୁରେ କୌଣସି ପାଗ ସତର୍କତା ଅଛି କି?,weather_alert,or
या आठवड्याच्या शेवटी चेन्नई मध्ये हवामान कसे असेल?,weather_forecast,mr
ಪುಣೆನಲ್ಲಿ ಹವಾಮಾನ ಎಚ್ಚರಿಕೆ ಇದೆಯೇ?,weather_alert,kn
రేపు బెంగళూరులో ఉష్ణోగ్రత ఎంత ఉంటుంది?,temperature,te
ਹੈਦਰਾਬਾਦ ਅਤੇ ਪੁਣੇ ਦੇ ਮੌਸਮ ਦੀ ਤੁਲਨਾ ਕਰੋ।,weather_comparison,pa
పుణెలో గాలి ఎంత వేగంగా వీస్తోంది?,wind,te
ਚੇਨਈ ਵਿੱਚ ਹਵਾ ਦੀ ਗੁਣਵੱਤਾ ਕਿਹੋ ਜਿਹੀ ਹੈ?,air_quality,pa
இன்று ஹைதராபாத்வில் வானிலை எப்படி இருக்கும்?,weather_current,ta
कोलकाता मध्ये पावसाची शक्यता आहे का?,rain,mr
மும்பைவில் இன்று வானிலை எப்படி இருக்கிறது?,weather_current,ta
चेन्नई मध्ये हवेची गुणवत्ता कशी आहे?,air_quality,mr
বেঙ্গালুরু এর বায়ুর মান কেমন?,air_quality,bn
કોલકાતાનું હવામાન અનુમાન શું છે?,weather_forecast,gu
আগামীকাল ভুবনেশ্বর এর তাপমাত্রা কত থাকবে?,temperature,bn
ఢిల్లీలో గాలి నాణ్యత ఎలా ఉంది?,air_quality,te
భువనేశ్వర్లో సూర్యాస్తమయం ఎప్పుడు?,sunrise_sunset,te
When is sunset in Chennai?,sunrise_sunset,en
દિલ્હી માટે કોઈ હવામાન ચેતવણી છે?,weather_alert,gu
ବେଙ୍ଗାଲୁରୁରେ ଆଜି ପାଗ କେମିତି ଅଛି?,weather_current,or
ಈ ವಾರಾಂತ್ಯದಲ್ಲಿ ಪುಣೆನಲ್ಲಿ ಹವಾಮಾನ ಹೇಗಿರುತ್ತದೆ?,weather_forecast,kn
या आठवड्याच्या शेवटी पुणे मध्ये हवामान कसे असेल?,weather_forecast,mr
ਕੋਲਕਾਤਾ ਵਿੱਚ ਹਵਾ ਦੀ ਰਫ਼ਤਾਰ ਕਿੰਨੀ ਹੈ?,wind,pa
भुवनेश्वर मध्ये वारा किती जोरात आहे?,wind,mr
कोलकाता में नमी कितनी है?,humidity,hi
দিল্লি এর জন্য কোনো আবহাওয়া সতর্কতা আছে?,weather_alert,bn
મુંબઈમાં આજે હવામાન કેવું છે?,weather_current,gu
ପୁଣେରେ ସୂର୍ଯ୍ୟାସ୍ତ କେତେବେଳେ?,sunrise_sunset,or
ನಾಳೆ ಬೆಂಗಳೂರುನಲ್ಲಿ ಮಳೆ ಬೀಳುತ್ತದೆಯೇ?,rain,kn
चेन्नई मध्ये पावसाची शक्यता आहे का?,rain,mr
மும்பைவில் காற்று எவ்வளவு வேகமாக வீசுகிறது?,wind,ta
நாளை கொல்கத்தாவில் வானிலை எப்படி இருக்கும்?,weather_forecast,ta
ଭୁବନେଶ୍ୱରରେ ସୂର୍ଯ୍ୟୋଦୟ କେତେବେଳେ?,sunrise_sunset,or
ଭୁବନେଶ୍ୱରର ବର୍ତ୍ତମାନ ପାଗ କେମିତି?,weather_current,or
"Which city is colder, Bengaluru or Hyderabad?",weather_comparison,en
భువనేశ్వర్లో వాతావరణ హెచ్చరిక ఉందా?,weather_alert,te
उद्या चेन्नई मध्ये हवामान कसे असेल?,weather_forecast,mr
बेंगळुरू मध्ये किती दमट आहे?,humidity,mr
હૈદરાબાદમાં હવામાનની કોઈ ચેતવણી છે?,weather_alert,gu
What will the temperature be in Delhi tomorrow?,temperature,en
ஹைதராபாத்வில் காற்று எவ்வளவு வேகமாக வீசுகிறது?,wind,ta
ଦିଲ୍ଲୀରେ ଆର୍ଦ୍ରତା କେତେ?,humidity,or
कल हैदराबाद में मौसम कैसा रहेगा?,weather_forecast,hi
મુંબઈમાં હવાની ગુણવત્તા કેવી છે?,air_quality,gu
ಬೆಂಗಳೂರುನಲ್ಲಿ ಎಷ್ಟು ಬಿಸಿಯಾಗಿದೆ?,temperature,kn
ಪುಣೆನಲ್ಲಿ ಇಂದು ಹವಾಮಾನ ಹೇಗಿದೆ?,weather_current,kn
चेन्नई में तापमान कितना है?,temperature,hi
ਅੱਜ ਹੈਦਰਾਬਾਦ ਵਿੱਚ ਨਮੀ ਕਿੰਨੀ ਰਹੇਗੀ?,humidity,pa
ਅੱਜ ਭੁਵਨੇਸ਼ਵਰ ਦਾ ਮੌਸਮ ਕਿਹੋ ਜਿਹਾ ਹੈ?,weather_current,pa
ભુવનેશ્વરનું હાલનું હવામાન કેવું છે?,weather_current,gu
ପୁଣେରେ ସୂର୍ଯ୍ୟୋଦୟ କେତେବେଳେ?,sunrise_sunset,or
புவனேஸ்வர் வானிலை முன்னறிவிப்பு என்ன?,weather_forecast,ta
পুনে এ কোনো আবহাওয়া সতর্কতা জারি হয়েছে?,weather_alert,bn
चेन्नई मध्ये तापमान किती आहे?,temperature,mr
আগামীকাল বেঙ্গালুরু এর আবহাওয়া কেমন থাকবে?,weather_forecast,bn
ਮੁੰਬਈ ਵਿੱਚ ਹਵਾ ਦੀ ਗੁਣਵੱਤਾ ਕਿਹੋ ਜਿਹੀ ਹੈ?,air_quality,pa
ਪੁਣੇ ਦਾ AQI ਕਿੰਨਾ ਹੈ?,air_quality,pa
பெங்களூரு வானிலை முன்னறிவிப்பு என்ன?,weather_forecast,ta
What is the weather like in Kolkata?,weather_current,en
पुणे मध्ये आर्द्रता किती आहे?,humidity,mr
ପୁଣେରେ ବାୟୁର ଗୁଣବତ୍ତା କେମିତି?,air_quality,or
புவனேஸ்வர்க்கு வானிலை எச்சரிக்கை உள்ளதா?,weather_alert,ta
আজ কি হায়দ্রাবাদ এ বৃষ্টি হবে?,rain,bn
ଚେନ୍ନାଇରେ ବର୍ଷା ହେବାର ସମ୍ଭାବନା ଅଛି କି?,rain,or
मुंबई मध्ये तापमान किती आहे?,temperature,mr
ચેન્નાઈમાં આજે હવામાન કેવું છે?,weather_current,gu
Is rain expected in Bengaluru?,rain,en
நாளை புனேவில் வெப்பநிலை எவ்வளவு இருக்கும்?,temperature,ta
चेन्नई मध्ये आज हवामान कसे आहे?,weather_current,mr
சென்னைவில் ஏதேனும் வானிலை எச்சரிக்கை உள்ளதா?,weather_alert,ta
పుణెలో ఎంత తేమ ఉంది?,humidity,te
বেঙ্গালুরু এর আর্দ্রতা কত?,humidity,bn
ଆସନ୍ତାକାଲି ମୁମ୍ବାଇର ତାପମାତ୍ରା କେତେ ରହିବ?,temperature,or
ಈ ವಾರಾಂತ್ಯದಲ್ಲಿ ಹೈದರಾಬಾದ್ನಲ್ಲಿ ಹವಾಮಾನ ಹೇಗಿರುತ್ತದೆ?,weather_forecast,kn
दिल्ली में हवा की गति कितनी है?,wind,hi
आज दिल्ली चे हवामान कसे आहे?,weather_current,mr
ನಾಳೆ ದೆಹಲಿನಲ್ಲಿ ತಾಪಮಾನ ಎಷ್ಟು ಇರುತ್ತದೆ?,temperature,kn
ચેન્નાઈમાં સૂર્યાસ્ત કેટલા વાગ્યે થાય છે?,sunrise_sunset,gu
पुणे साठी हवामानाची कोणतीही चेतावणी आहे का?,weather_alert,mr
சென்னைவில் சூரிய அஸ்தமனம் எப்போது?,sunrise_sunset,ta
ಹೈದರಾಬಾದ್ನ AQI ಎಷ್ಟು?,air_quality,kn
দিল্লি এ বাতাস কতটা জোরে বইছে?,wind,bn
How is the weather in Bhubaneswar right now?,weather_current,en
கொல்கத்தாக்கு வானிலை எச்சரிக்கை உள்ளதா?,weather_alert,ta
ਮੁੰਬਈ ਵਿੱਚ ਮੀਂਹ ਦੀ ਸੰਭਾਵਨਾ ਹੈ?,rain,pa
ముంబైలో గాలి వేగం ఎంత?,wind,te
उद्या हैदराबाद मध्ये तापमान किती असेल?,temperature,mr
ਭੁਵਨੇਸ਼ਵਰ ਵਿੱਚ ਹਵਾ ਦੀ ਗੁਣਵੱਤਾ ਕਿਹੋ ਜਿਹੀ ਹੈ?,air_quality,pa
ਕੋਲਕਾਤਾ ਦਾ ਮੌਸਮ ਪੂਰਵ ਅਨੁਮਾਨ ਕੀ ਹੈ?,weather_forecast,pa
बेंगलुरु में तापमान कितना है?,temperature,hi
புவனேஸ்வர்வில் தற்போதைய வானிலை எப்படி உள்ளது?,weather_current,ta
पुणे में नमी कितनी है?,humidity,hi
दिल्ली मध्ये सूर्यास्त किती वाजता होतो?,sunrise_sunset,mr
আগামীকাল দিল্লি এর তাপমাত্রা কত থাকবে?,temperature,bn
"Which city is colder, Pune or Delhi?",weather_comparison,en
Are there any weather alerts for Pune?,weather_alert,en
क्या कल दिल्ली में बारिश होगी?,rain,hi
हैदराबाद में सूर्योदय कितने बजे होगा?,sunrise_sunset,hi
उद्या कोलकाता मध्ये हवामान कसे असेल?,weather_forecast,mr
ನಾಳೆ ಮುಂಬೈನಲ್ಲಿ ಮಳೆ ಬೀಳುತ್ತದೆಯೇ?,rain,kn
రేపు కోల్‌కతాలో ఉష్ణోగ్రత ఎంత ఉంటుంది?,temperature,te
How is the air quality in Bengaluru?,air_quality,en
ଭୁବନେଶ୍ୱର ଏବଂ ବେଙ୍ଗାଲୁରୁର ପାଗ ତୁଳନା କରନ୍ତୁ।,weather_comparison,or
ਹੈਦਰਾਬਾਦ ਵਿੱਚ ਤਾਪਮਾਨ ਕਿੰਨਾ ਹੈ?,temperature,pa
ପୁଣେରେ ପବନର ବେଗ କେତେ?,wind,or
ஹைதராபாத் வானிலை முன்னறிவிப்பு என்ன?,weather_forecast,ta
আগামীকাল কি পুনে এ বৃষ্টি হবে?,rain,bn
कोलकाता के लिए कोई मौसम चेतावनी है?,weather_alert,hi
હૈદરાબાદમાં હવાની ગુણવત્તા કેવી છે?,air_quality,gu
"ಹೈದರಾಬಾದ್ ಅಥವಾ ದೆಹಲಿ, ಯಾವುದು ಹೆಚ್ಚು ತಂಪಾಗಿದೆ?",weather_comparison,kn
बेंगळुरू मध्ये सूर्यास्त किती वाजता होतो?,sunrise_sunset,mr
What weather can I expect in Pune tomorrow?,weather_forecast,en
क्या कल भुवनेश्वर में बारिश होगी?,rain,hi
Will it rain tomorrow in Bengaluru?,rain,en
ਕੋਲਕਾਤਾ ਵਿੱਚ ਮੀਂਹ ਦੀ ਸੰਭਾਵਨਾ ਹੈ?,rain,pa
બેંગલુરુનું હવામાન અનુમાન શું છે?,weather_forecast,gu
ਦਿੱਲੀ ਲਈ ਕੋਈ ਮੌਸਮ ਚੇਤਾਵਨੀ ਹੈ?,weather_alert,pa
दिल्ली में हवा की गुणवत्ता कैसी है?,air_quality,hi
Tell me the current weather in Delhi.,weather_current,en
मुंबई मध्ये पावसाची शक्यता आहे का?,rain,mr
આજે ચેન્નાઈમાં વરસાદ પડશે?,rain,gu
કાલે દિલ્હીમાં તાપમાન કેટલું રહેશે?,temperature,gu
हैदराबाद का AQI कितना है?,air_quality,hi
ਮੁੰਬਈ ਵਿੱਚ ਸੂਰਜ ਕਿੰਨੇ ਵਜੇ ਡੁੱਬਦਾ ਹੈ?,sunrise_sunset,pa
ଆଜି ଦିଲ୍ଲୀରେ ବର୍ଷା ହେବ କି?,rain,or
बेंगलुरु का AQI कितना है?,air_quality,hi
How windy is it in Bhubaneswar?,wind,en
পুনে এ আজ আবহাওয়া কেমন?,weather_current,bn
ಚೆನ್ನೈನಲ್ಲಿ ಪ್ರಸ್ತುತ ಹವಾಮಾನ ಹೇಗಿದೆ?,weather_current,kn
ਕੋਲਕਾਤਾ ਦਾ ਮੌਸਮ ਪੂਰਵ ਅਨੁਮਾਨ ਕੀ ਹੈ?,weather_forecast,pa
What will the temperature be in Chennai tomorrow?,temperature,en
मुंबई में आर्द्रता कितनी है?,humidity,hi
கொல்கத்தாவின் AQI எவ்வளவு?,air_quality,ta
দিল্লি এবং চেন্নাই এর আবহাওয়ার তুলনা করুন।,weather_comparison,bn
ଭୁବନେଶ୍ୱର ପାଇଁ କୌଣସି ପାଣିପାଗ ସତର୍କତା ଅଛି କି?,weather_alert,or
ଆସନ୍ତାକାଲି ବେଙ୍ଗାଲୁରୁରେ ପାଗ କେମିତି ରହିବ?,weather_forecast,or
ଏହି ସପ୍ତାହ ଶେଷରେ ବେଙ୍ଗାଲୁରୁର ପାଗ କେମିତି ରହିବ?,weather_forecast,or
ମୁମ୍ବାଇରେ ସୂର୍ଯ୍ୟାସ୍ତ କେତେବେଳେ?,sunrise_sunset,or
ହାଇଦ୍ରାବାଦ ଏବଂ ବେଙ୍ଗାଲୁରୁର ପାଗ ତୁଳନା କରନ୍ତୁ।,weather_comparison,or
চেন্নাই এ কতটা গরম?,temperature,bn
How will the weather be in Bengaluru this weekend?,weather_forecast,en
ஹைதராபாத்வில் வெப்பநிலை எவ்வளவு?,temperature,ta
పుణెకి వాతావరణ హెచ్చరికలు ఏమైనా ఉన్నాయా?,weather_alert,te
આજે પુણેમાં ભેજ કેટલો રહેશે?,humidity,gu
பெங்களூருவில் இன்று வானிலை எப்படி இருக்கிறது?,weather_current,ta
చెన్నైలో గాలి ఎంత వేగంగా వీస్తోంది?,wind,te
আগামীকাল কি হায়দ্রাবাদ এ বৃষ্টি হবে?,rain,bn
আগামীকাল কি চেন্নাই এ বৃষ্টি হবে?,rain,bn
भुवनेश्वर आणि कोलकाता पैकी कोणते शहर थंड आहे?,weather_comparison,mr
Tell me the current weather in Pune.,weather_current,en
क्या कल हैदराबाद में बारिश होगी?,rain,hi
পুনে এর আবহাওয়ার পূর্বাভাস কী?,weather_forecast,bn
મુંબઈ અને ભુવનેશ્વરમાંથી કયું વધુ ઠંડું છે?,weather_comparison,gu
What time does the sun rise in Kolkata?,sunrise_sunset,en
ଚେନ୍ନାଇ ପାଇଁ କୌଣସି ପାଣିପାଗ ସତର୍କତା ଅଛି କି?,weather_alert,or
আগামীকাল হায়দ্রাবাদ এর আবহাওয়া কেমন থাকবে?,weather_forecast,bn
दिल्ली में आज मौसम कैसा है?,weather_current,hi
ଆସନ୍ତାକାଲି ପୁଣେରେ ବର୍ଷା ହେବ କି?,rain,or
மும்பைவில் எவ்வளவு ஈரப்பதமாக உள்ளது?,humidity,ta
দিল্লি এর তাপমাত্রা কত?,temperature,bn
ଆସନ୍ତାକାଲି ହାଇଦ୍ରାବାଦରେ ପାଗ କେମିତି ରହିବ?,weather_forecast,or
চেন্নাই এ সূর্যাস্ত কখন?,sunrise_sunset,bn
ಹೈದರಾಬಾದ್ಗೆ ಯಾವುದೇ ಹವಾಮಾನ ಎಚ್ಚರಿಕೆ ಇದೆಯೇ?,weather_alert,kn
হায়দ্রাবাদ এ আজ আবহাওয়া কেমন?,weather_current,bn
ಕೊಲ್ಕತ್ತಾನಲ್ಲಿ ತೇವಾಂಶ ಎಷ್ಟು?,humidity,kn
ಮುಂಬೈನಲ್ಲಿ ಸೂರ್ಯೋದಯ ಯಾವಾಗ?,sunrise_sunset,kn
કોલકાતા અને ચેન્નાઈમાંથી કયું વધુ ઠંડું છે?,weather_comparison,gu
আগামীকাল কি দিল্লি এ বৃষ্টি হবে?,rain,bn
ଚେନ୍ନାଇରେ ସୂର୍ଯ୍ୟୋଦୟ କେତେବେଳେ?,sunrise_sunset,or
पुणे और भुवनेश्वर में किसका मौसम बेहतर है?,weather_comparison,hi
এই সপ্তাহান্তে পুনে এর আবহাওয়া কেমন হবে?,weather_forecast,bn
ମୁମ୍ବାଇରେ ପବନର ବେଗ କେତେ?,wind,or
পুনে এর জন্য কোনো আবহাওয়া সতর্কতা আছে?,weather_alert,bn
ਕੀ ਕੱਲ੍ਹ ਹੈਦਰਾਬਾਦ ਵਿੱਚ ਮੀਂਹ ਪਵੇਗਾ?,rain,pa
ನಾಳೆ ಚೆನ್ನೈನಲ್ಲಿ ಮಳೆ ಬೀಳುತ್ತದೆಯೇ?,rain,kn
What weather can I expect in Bengaluru tomorrow?,weather_forecast,en
आज दिल्ली चे हवामान कसे आहे?,weather_current,mr
बेंगळुरू मधील सध्याचे हवामान कसे आहे?,weather_current,mr
कोलकाता चे हवामान अंदाज सांगा.,weather_forecast,mr
ಚೆನ್ನೈನಲ್ಲಿ ಗಾಳಿ ಎಷ್ಟು ವೇಗವಾಗಿ ಬೀಸುತ್ತಿದೆ?,wind,kn
ఢిల్లీలో గాలి నాణ్యత ఎలా ఉంది?,air_quality,te
भुवनेश्वर मध्ये हवामानाचा इशारा आहे का?,weather_alert,mr
பெங்களூருவில் காற்றின் வேகம் எவ்வளவு?,wind,ta
पुणे में सूर्यास्त कितने बजे होगा?,sunrise_sunset,hi
ಕೊಲ್ಕತ್ತಾನಲ್ಲಿ ಗಾಳಿ ಎಷ್ಟು ವೇಗವಾಗಿ ಬೀಸುತ್ತಿದೆ?,wind,kn
ਪੁਣੇ ਵਿੱਚ ਇਸ ਵੇਲੇ ਮੌਸਮ ਕਿਹੋ ਜਿਹਾ ਹੈ?,weather_current,pa
ହାଇଦ୍ରାବାଦରେ ପବନ କେତେ ଜୋରରେ ବହୁଛି?,wind,or
Compare the weather in Bhubaneswar and Bengaluru.,weather_comparison,en
ಇಂದು ಮುಂಬೈನಲ್ಲಿ ಮಳೆ ಬೀಳುತ್ತದೆಯೇ?,rain,kn
हैदराबाद में कितनी गर्मी है?,temperature,hi
आज पुणे चे हवामान कसे आहे?,weather_current,mr
ਚੇਨਈ ਵਿੱਚ ਹਵਾ ਦੀ ਗੁਣਵੱਤਾ ਕਿਹੋ ਜਿਹੀ ਹੈ?,air_quality,pa
"బెంగళూరు లేదా పుణె, ఏది చల్లగా ఉంది?",weather_comparison,te
இன்று கொல்கத்தாவில் ஈரப்பதம் எவ்வளவு இருக்கும்?,humidity,ta
उद्या पुणे मध्ये हवामान कसे असेल?,weather_forecast,mr
ஹைதராபாத்வில் எவ்வளவு ஈரப்பதமாக உள்ளது?,humidity,ta
ભુવનેશ્વરમાં પવનની ઝડપ કેટલી છે?,wind,gu
இன்று ஹைதராபாத்வில் மழை பெய்யுமா?,rain,ta
மும்பைவின் AQI எவ்வளவு?,air_quality,ta
Will it rain tomorrow in Mumbai?,rain,en
हैदराबाद में हवा की गुणवत्ता कैसी है?,air_quality,hi
पुणे में सूर्योदय कितने बजे होगा?,sunrise_sunset,hi
ਬੈਂਗਲੁਰੂ ਵਿੱਚ ਸੂਰਜ ਕਿੰਨੇ ਵਜੇ ਚੜ੍ਹਦਾ ਹੈ?,sunrise_sunset,pa
চেন্নাই এর বায়ুর মান কেমন?,air_quality,bn
हैदराबाद चा AQI किती आहे?,air_quality,mr
बेंगलुरु में मौसम की कोई चेतावनी है?,weather_alert,hi
भुवनेश्वर मध्ये किती उष्णता आहे?,temperature,mr
ఢిల్లీలో వాతావరణ హెచ్చరిక ఉందా?,weather_alert,te
What is the AQI in Bhubaneswar?,air_quality,en
આજે ભુવનેશ્વરમાં વરસાદ પડશે?,rain,gu
How cold is it in Pune?,temperature,en
ਬੈਂਗਲੁਰੂ ਵਿੱਚ ਇਸ ਵੇਲੇ ਮੌਸਮ ਕਿਹੋ ਜਿਹਾ ਹੈ?,weather_current,pa
ଏହି ସପ୍ତାହ ଶେଷରେ ହାଇଦ୍ରାବାଦର ପାଗ କେମିତି ରହିବ?,weather_forecast,or
ಇಂದು ಹೈದರಾಬಾದ್ನಲ್ಲಿ ಹವಾಮಾನ ಹೇಗಿರುತ್ತದೆ?,weather_current,kn
कल मुंबई में मौसम कैसा रहेगा?,weather_forecast,hi
What is the weather like in Bhubaneswar?,weather_current,en
நாளை புவனேஸ்வர்வில் மழை பெய்யுமா?,rain,ta
ಈ ವಾರಾಂತ್ಯದಲ್ಲಿ ಪುಣೆನಲ್ಲಿ ಹವಾಮಾನ ಹೇಗಿರುತ್ತದೆ?,weather_forecast,kn
ਕੱਲ੍ਹ ਭੁਵਨੇਸ਼ਵਰ ਵਿੱਚ ਤਾਪਮਾਨ ਕਿੰਨਾ ਰਹੇਗਾ?,temperature,pa
हैदराबाद चे हवामान अंदाज सांगा.,weather_forecast,mr
ਕੱਲ੍ਹ ਦਿੱਲੀ ਵਿੱਚ ਮੌਸਮ ਕਿਹੋ ਜਿਹਾ ਰਹੇਗਾ?,weather_forecast,pa
హైదరాబాద్లో వర్షం పడే అవకాశం ఉందా?,rain,te
भुवनेश्वर मध्ये आज हवामान कसे आहे?,weather_current,mr
भुवनेश्वर और पुणे के मौसम की तुलना करो।,weather_comparison,hi
ਬੈਂਗਲੁਰੂ ਵਿੱਚ ਕਿੰਨੀ ਨਮੀ ਹੈ?,humidity,pa
ਪੁਣੇ ਵਿੱਚ ਹਵਾ ਦੀ ਰਫ਼ਤਾਰ ਕਿੰਨੀ ਹੈ?,wind,pa
What will the weather be like in Delhi tomorrow?,weather_forecast,en
What is the weather like in Mumbai?,weather_current,en
पुणे मध्ये तापमान किती आहे?,temperature,mr
चेन्नई में हवा की गति कितनी है?,wind,hi
दिल्ली आणि हैदराबाद पैकी कोणते शहर थंड आहे?,weather_comparison,mr
రేపు చెన్నైలో వర్షం పడుతుందా?,rain,te
ਬੈਂਗਲੁਰੂ ਵਿੱਚ ਹਵਾ ਕਿੰਨੀ ਤੇਜ਼ ਹੈ?,wind,pa
कोलकाता मध्ये तापमान किती आहे?,temperature,mr
புனேவில் சூரிய அஸ்தமனம் எப்போது?,sunrise_sunset,ta
કોલકાતામાં ભેજ કેટલો છે?,humidity,gu
हैदराबाद मध्ये हवामानाचा इशारा आहे का?,weather_alert,mr
भुवनेश्वर और पुणे में किसका मौसम बेहतर है?,weather_comparison,hi
"హైదరాబాద్ లేదా బెంగళూరు, ఏది చల్లగా ఉంది?",weather_comparison,te
କୋଲକାତାରେ କୌଣସି ପାଗ ସତର୍କତା ଅଛି କି?,weather_alert,or
ಕೊಲ್ಕತ್ತಾನಲ್ಲಿ ಗಾಳಿಯ ವೇಗ ಎಷ್ಟು?,wind,kn
What is the chance of rain in Pune?,rain,en
சென்னை வானிலை முன்னறிவிப்பு என்ன?,weather_forecast,ta
બેંગલુરુમાં કેટલી ગરમી છે?,temperature,gu
భువనేశ్వర్లో వాతావరణ హెచ్చరిక ఉందా?,weather_alert,te
ಭುವನೇಶ್ವರನಲ್ಲಿ ಮಳೆಯ ಸಾಧ್ಯತೆ ಇದೆಯೇ?,rain,kn
ਕੋਲਕਾਤਾ ਵਿੱਚ ਸੂਰਜ ਕਿੰਨੇ ਵਜੇ ਚੜ੍ਹਦਾ ਹੈ?,sunrise_sunset,pa
ఈ రోజు చెన్నైలో వర్షం పడుతుందా?,rain,te
ਕੀ ਕੱਲ੍ਹ ਚੇਨਈ ਵਿੱਚ ਮੀਂਹ ਪਵੇਗਾ?,rain,pa
How hot is it in Mumbai?,temperature,en
ਭੁਵਨੇਸ਼ਵਰ ਵਿੱਚ ਤਾਪਮਾਨ ਕਿੰਨਾ ਹੈ?,temperature,pa
ಭುವನೇಶ್ವರನಲ್ಲಿ ಪ್ರಸ್ತುತ ಹವಾಮಾನ ಹೇಗಿದೆ?,weather_current,kn
দিল্লি এর আবহাওয়া আমাকে বলুন।,weather_current,bn
What weather can I expect in Delhi tomorrow?,weather_forecast,en
What is the humidity in Pune?,humidity,en
দিল্লি এর আবহাওয়ার পূর্বাভাস কী?,weather_forecast,bn
புவனேஸ்வர்வில் வெப்பநிலை எவ்வளவு?,temperature,ta
ପୁଣେରେ ଆର୍ଦ୍ରତା କେତେ?,humidity,or
బెంగళూరులో తేమ ఎంత?,humidity,te
ਅੱਜ ਬੈਂਗਲੁਰੂ ਦਾ ਮੌਸਮ ਕਿਹੋ ਜਿਹਾ ਹੈ?,weather_current,pa
ਮੁੰਬਈ ਅਤੇ ਪੁਣੇ ਵਿੱਚੋਂ ਕਿਹੜਾ ਠੰਡਾ ਹੈ?,weather_comparison,pa
मुंबई मध्ये वाऱ्याचा वेग किती आहे?,wind,mr
বেঙ্গালুরু এ সূর্যাস্ত কখন?,sunrise_sunset,bn
ਪੁਣੇ ਵਿੱਚ ਸੂਰਜ ਕਿੰਨੇ ਵਜੇ ਚੜ੍ਹਦਾ ਹੈ?,sunrise_sunset,pa
आज हैदराबाद चे हवामान कसे आहे?,weather_current,mr
ਕੋਲਕਾਤਾ ਵਿੱਚ ਮੌਸਮ ਦੀ ਕੋਈ ਚੇਤਾਵਨੀ ਹੈ?,weather_alert,pa
ਹੈਦਰਾਬਾਦ ਵਿੱਚ ਸੂਰਜ ਕਿੰਨੇ ਵਜੇ ਚੜ੍ਹਦਾ ਹੈ?,sunrise_sunset,pa
हैदराबाद में बारिश की संभावना है?,rain,hi
ದೆಹಲಿನಲ್ಲಿ ಗಾಳಿಯ ಗುಣಮಟ್ಟ ಹೇಗಿದೆ?,air_quality,kn
రేపు ఢిల్లీలో ఉష్ణోగ్రత ఎంత ఉంటుంది?,temperature,te
How hot is it in Kolkata?,temperature,en
પુણેમાં કેટલી ગરમી છે?,temperature,gu
આજે ચેન્નાઈમાં ભેજ કેટલો રહેશે?,humidity,gu
કોલકાતામાં કેટલી ગરમી છે?,temperature,gu
बेंगळुरू मध्ये पावसाची शक्यता आहे का?,rain,mr
પુણેનું હવામાન અનુમાન શું છે?,weather_forecast,gu
আগামীকাল কলকাতা এর তাপমাত্রা কত থাকবে?,temperature,bn
பெங்களூருவில் காற்றின் தரம் எப்படி உள்ளது?,air_quality,ta
పుణెలో ఎంత వేడిగా ఉంది?,temperature,te
ಚೆನ್ನೈನಲ್ಲಿ ಗಾಳಿ ಎಷ್ಟು ವೇಗವಾಗಿ ಬೀಸುತ್ತಿದೆ?,wind,kn
भुवनेश्वर में हवा की गुणवत्ता कैसी है?,air_quality,hi
"ଚେନ୍ନାଇ ନା ବେଙ୍ଗାଲୁରୁ, କେଉଁଠି ଅଧିକ ଥଣ୍ଡା?",weather_comparison,or
ਦਿੱਲੀ ਦਾ ਮੌਸਮ ਪੂਰਵ ਅਨੁਮਾਨ ਕੀ ਹੈ?,weather_forecast,pa
"Which is hotter, Bengaluru or Hyderabad?",weather_comparison,en
କୋଲକାତା ପାଇଁ କୌଣସି ପାଣିପାଗ ସତର୍କତା ଅଛି କି?,weather_alert,or
హైదరాబాద్లో గాలి నాణ్యత ఎలా ఉంది?,air_quality,te
ముంబైలో వాతావరణ హెచ్చరిక ఉందా?,weather_alert,te
ਬੈਂਗਲੁਰੂ ਵਿੱਚ ਅੱਜ ਮੌਸਮ ਕਿਹੋ ਜਿਹਾ ਹੈ?,weather_current,pa
How is the weather today in Chennai?,weather_current,en
દિલ્હીમાં પવનની ઝડપ કેટલી છે?,wind,gu
બેંગલુરુ માટે કોઈ હવામાન ચેતવણી છે?,weather_alert,gu
কলকাতা এ বাতাস কতটা জোরে বইছে?,wind,bn
ಬೆಂಗಳೂರುನಲ್ಲಿ ಗಾಳಿಯ ಗುಣಮಟ್ಟ ಹೇಗಿದೆ?,air_quality,kn
બેંગલુરુમાં પવનની ઝડપ કેટલી છે?,wind,gu
బెంగళూరు మరియు ముంబై వాతావరణాన్ని పోల్చండి.,weather_comparison,te
"புனே அல்லது ஹைதராபாத், எது குளிராக உள்ளது?",weather_comparison,ta
ਕੋਲਕਾਤਾ ਵਿੱਚ ਤਾਪਮਾਨ ਕਿੰਨਾ ਹੈ?,temperature,pa
उद्या बेंगळुरू मध्ये हवामान कसे असेल?,weather_forecast,mr
दिल्ली और हैदराबाद में किसका मौसम बेहतर है?,weather_comparison,hi
ನಾಳೆ ಕೊಲ್ಕತ್ತಾನಲ್ಲಿ ತಾಪಮಾನ ಎಷ್ಟು ಇರುತ್ತದೆ?,temperature,kn
చెన్నై AQI ఎంత?,air_quality,te
மும்பைவில் மழைக்கு வாய்ப்பு உள்ளதா?,rain,ta
पुणे मध्ये हवामानाचा इशारा आहे का?,weather_alert,mr
பெங்களூருவில் சூரிய அஸ்தமனம் எப்போது?,sunrise_sunset,ta
ଭୁବନେଶ୍ୱରରେ ପବନ କେତେ ଜୋରରେ ବହୁଛି?,wind,or
ଭୁବନେଶ୍ୱରରେ କେତେ ଆର୍ଦ୍ରତା ଅଛି?,humidity,or
ఢిల్లీలో వర్షం పడే అవకాశం ఉందా?,rain,te
பெங்களூருவில் வெப்பநிலை எவ்வளவு?,temperature,ta
What is the wind speed in Pune?,wind,en
What is the temperature in Delhi?,temperature,en
बेंगलुरु में सूर्योदय कितने बजे होगा?,sunrise_sunset,hi
ଆସନ୍ତାକାଲି ମୁମ୍ବାଇରେ ପାଗ କେମିତି ରହିବ?,weather_forecast,or
କୋଲକାତାର ପାଗ ବିଷୟରେ କୁହନ୍ତୁ।,weather_current,or
ಭುವನೇಶ್ವರನಲ್ಲಿ ತಾಪಮಾನ ಎಷ್ಟು?,temperature,kn
उद्या कोलकाता मध्ये पाऊस पडेल का?,rain,mr
ମୁମ୍ବାଇର AQI କେତେ?,air_quality,or
புவனேஸ்வர்வில் இன்று வானிலை எப்படி இருக்கிறது?,weather_current,ta
What weather can I expect in Chennai tomorrow?,weather_forecast,en
நாளை டெல்லிவில் மழை பெய்யுமா?,rain,ta
भुवनेश्वर मध्ये सूर्योदय किती वाजता होतो?,sunrise_sunset,mr
சென்னைவில் சூரிய உதயம் எப்போது?,sunrise_sunset,ta
ବେଙ୍ଗାଲୁରୁର ପାଗ ପୂର୍ବାନୁମାନ କଣ?,weather_forecast,or
Give me the weather forecast for Chennai.,weather_forecast,en
उद्या बेंगळुरू मध्ये पाऊस पडेल का?,rain,mr
ಪುಣೆನಲ್ಲಿ ಮಳೆಯ ಸಾಧ್ಯತೆ ಇದೆಯೇ?,rain,kn
क्या कल हैदराबाद में बारिश होगी?,rain,hi
ହାଇଦ୍ରାବାଦରେ ଆଜି ପାଗ କେମିତି ଅଛି?,weather_current,or
రేపు చెన్నైలో ఉష్ణోగ్రత ఎంత ఉంటుంది?,temperature,te
ହାଇଦ୍ରାବାଦରେ କେତେ ଆର୍ଦ୍ରତା ଅଛି?,humidity,or
हैदराबाद में हवा कितनी तेज है?,wind,hi
કાલે મુંબઈમાં હવામાન કેવું રહેશે?,weather_forecast,gu
હૈદરાબાદમાં વરસાદની શક્યતા છે?,rain,gu
What is the weather forecast for Bhubaneswar?,weather_forecast,en
ಹೈದರಾಬಾದ್ ಹವಾಮಾನ ಮುನ್ಸೂಚನೆ ಏನು?,weather_forecast,kn
দিল্লি এ কতটা গরম?,temperature,bn
What is the weather in Kolkata today?,weather_current,en
కోల్‌కతాలో వర్షం పడే అవకాశం ఉందా?,rain,te
হায়দ্রাবাদ এ সূর্যাস্ত কখন?,sunrise_sunset,bn
"கொல்கத்தா அல்லது சென்னை, எது குளிராக உள்ளது?",weather_comparison,ta
ভুবনেশ্বর এ সূর্যোদয় কখন?,sunrise_sunset,bn
ಈ ವಾರಾಂತ್ಯದಲ್ಲಿ ಬೆಂಗಳೂರುನಲ್ಲಿ ಹವಾಮಾನ ಹೇಗಿರುತ್ತದೆ?,weather_forecast,kn
ದೆಹಲಿನಲ್ಲಿ ತೇವಾಂಶ ಎಷ್ಟು?,humidity,kn
புவனேஸ்வர்வில் எவ்வளவு ஈரப்பதமாக உள்ளது?,humidity,ta
ಇಂದು ಕೊಲ್ಕತ್ತಾನಲ್ಲಿ ಮಳೆ ಬೀಳುತ್ತದೆಯೇ?,rain,kn
"Which city is colder, Chennai or Mumbai?",weather_comparison,en
நாளை பெங்களூருவில் மழை பெய்யுமா?,rain,ta
আজ কি দিল্লি এ বৃষ্টি হবে?,rain,bn
Compare the weather in Delhi and Mumbai.,weather_comparison,en
పుణెలో ఎంత తేమ ఉంది?,humidity,te
కోల్‌కతాలో వాతావరణ హెచ్చరిక ఉందా?,weather_alert,te
કોલકાતામાં પવન કેટલો ઝડપી છે?,wind,gu
କୋଲକାତାରେ ବାୟୁର ଗୁଣବତ୍ତା କେମିତି?,air_quality,or
"ಹೈದರಾಬಾದ್ ಅಥವಾ ದೆಹಲಿ, ಯಾವುದು ಹೆಚ್ಚು ತಂಪಾಗಿದೆ?",weather_comparison,kn
What will the weather be like in Kolkata tomorrow?,weather_forecast,en
ಕೊಲ್ಕತ್ತಾನಲ್ಲಿ ಗಾಳಿ ಎಷ್ಟು ವೇಗವಾಗಿ ಬೀಸುತ್ತಿದೆ?,wind,kn
কলকাতা এ কতটা গরম?,temperature,bn
சென்னைவில் காற்றின் தரம் எப்படி உள்ளது?,air_quality,ta
"পুনে না চেন্নাই, কোনটি বেশি ঠান্ডা?",weather_comparison,bn
आज मुंबई में मौसम कैसा रहेगा?,weather_current,hi
चेन्नई में सूर्योदय कितने बजे होगा?,sunrise_sunset,hi
ହାଇଦ୍ରାବାଦର ବର୍ତ୍ତମାନ ପାଗ କେମିତି?,weather_current,or
How is the weather today in Mumbai?,weather_current,en
ਹੈਦਰਾਬਾਦ ਵਿੱਚ ਨਮੀ ਕਿੰਨੀ ਹੈ?,humidity,pa
భువనేశ్వర్లో సూర్యోదయం ఎప్పుడు?,sunrise_sunset,te
ముంబై మరియు బెంగళూరు వాతావరణాన్ని పోల్చండి.,weather_comparison,te
How is the air quality in Pune?,air_quality,en
What is the weather in Bhubaneswar today?,weather_current,en
चेन्नई मध्ये आर्द्रता किती आहे?,humidity,mr
How strong is the wind in Kolkata?,wind,en
ચેન્નાઈમાં પવન કેટલો ઝડપી છે?,wind,gu
মুম্বাই এর আবহাওয়া আমাকে বলুন।,weather_current,bn
"কলকাতা না ভুবনেশ্বর, কোনটি বেশি ঠান্ডা?",weather_comparison,bn
చెన్నైలో ప్రస్తుత వాతావరణం ఎలా ఉంది?,weather_current,te
ఈ రోజు కోల్‌కతాలో వర్షం పడుతుందా?,rain,te
মুম্বাই এ কতটা গরম?,temperature,bn
ਭੁਵਨੇਸ਼ਵਰ ਵਿੱਚ ਹਵਾ ਦੀ ਗੁਣਵੱਤਾ ਕਿਹੋ ਜਿਹੀ ਹੈ?,air_quality,pa
"ପୁଣେ ନା ହାଇଦ୍ରାବାଦ, କେଉଁଠି ଅଧିକ ଥଣ୍ଡା?",weather_comparison,or
ನಾಳೆ ಭುವನೇಶ್ವರನಲ್ಲಿ ಹವಾಮಾನ ಹೇಗಿರುತ್ತದೆ?,weather_forecast,kn
భువనేశ్వర్ వాతావరణ సూచన ఏమిటి?,weather_forecast,te
ମୁମ୍ବାଇରେ ପବନ କେତେ ଜୋରରେ ବହୁଛି?,wind,or
ದೆಹಲಿನಲ್ಲಿ ತಾಪಮಾನ ಎಷ್ಟು?,temperature,kn
புனேவில் காற்று எவ்வளவு வேகமாக வீசுகிறது?,wind,ta
બેંગલુરુમાં આજે હવામાન કેવું છે?,weather_current,gu
ಬೆಂಗಳೂರುನಲ್ಲಿ ಸೂರ್ಯೋದಯ ಯಾವಾಗ?,sunrise_sunset,kn
ବେଙ୍ଗାଲୁରୁ ପାଇଁ କୌଣସି ପାଣିପାଗ ସତର୍କତା ଅଛି କି?,weather_alert,or
आज कोलकाता में नमी कितनी रहेगी?,humidity,hi
ਚੇਨਈ ਵਿੱਚ ਕਿੰਨੀ ਨਮੀ ਹੈ?,humidity,pa
What is the temperature in Mumbai?,temperature,en
పుణెలో గాలి నాణ్యత ఎలా ఉంది?,air_quality,te
पुणे मध्ये तापमान किती आहे?,temperature,mr
कोलकाता मध्ये तापमान किती आहे?,temperature,mr
କୋଲକାତାରେ ସୂର୍ଯ୍ୟାସ୍ତ କେତେବେଳେ?,sunrise_sunset,or
బెంగళూరుకి వాతావరణ హెచ్చరికలు ఏమైనా ఉన్నాయా?,weather_alert,te
हैदराबाद में हवा की गति कितनी है?,wind,hi
বেঙ্গালুরু এ বাতাস কতটা জোরে বইছে?,wind,bn
ପୁଣେର ପାଗ ବିଷୟରେ କୁହନ୍ତୁ।,weather_current,or
இன்று மும்பைவில் ஈரப்பதம் எவ்வளவு இருக்கும்?,humidity,ta
What is the wind speed in Delhi?,wind,en
उद्या कोलकाता मध्ये तापमान किती असेल?,temperature,mr
मुंबई और पुणे में किसका मौसम बेहतर है?,weather_comparison,hi
મુંબઈનું હાલનું હવામાન કેવું છે?,weather_current,gu
चेन्नई का मौसम पूर्वानुमान बताओ।,weather_forecast,hi
పుణెలో తేమ ఎంత?,humidity,te
আজ পুনে এর আবহাওয়া কেমন?,weather_current,bn
இன்று புவனேஸ்வர்வில் வானிலை எப்படி இருக்கும்?,weather_current,ta
బెంగళూరులో గాలి వేగం ఎంత?,wind,te
What will the temperature be in Kolkata tomorrow?,temperature,en
कल बेंगलुरु में मौसम कैसा रहेगा?,weather_forecast,hi
ਮੁੰਬਈ ਅਤੇ ਹੈਦਰਾਬਾਦ ਦੇ ਮੌਸਮ ਦੀ ਤੁਲਨਾ ਕਰੋ।,weather_comparison,pa
How humid is it in Kolkata?,humidity,en
Are there any weather alerts for Mumbai?,weather_alert,en
How windy is it in Chennai?,wind,en
ଦିଲ୍ଲୀରେ ପବନର ବେଗ କେତେ?,wind,or
आज पुणे मध्ये आर्द्रता किती असेल?,humidity,mr
What is the humidity in Kolkata?,humidity,en
ਕੱਲ੍ਹ ਚੇਨਈ ਵਿੱਚ ਮੌਸਮ ਕਿਹੋ ਜਿਹਾ ਰਹੇਗਾ?,weather_forecast,pa
ಹೈದರಾಬಾದ್ನಲ್ಲಿ ಇಂದು ಹವಾಮಾನ ಹೇಗಿದೆ?,weather_current,kn
मुंबई में आज मौसम कैसा है?,weather_current,hi
বেঙ্গালুরু এ কতটা আর্দ্র?,humidity,bn
हैदराबाद चा AQI किती आहे?,air_quality,mr
बेंगलुरु में आज मौसम कैसा है?,weather_current,hi
బెంగళూరులో గాలి నాణ్యత ఎలా ఉంది?,air_quality,te
What is the weather forecast for Bengaluru?,weather_forecast,en
ದೆಹಲಿನಲ್ಲಿ ಮಳೆಯ ಸಾಧ್ಯತೆ ಇದೆಯೇ?,rain,kn
ਕੀ ਅੱਜ ਪੁਣੇ ਵਿੱਚ ਮੀਂਹ ਪਵੇਗਾ?,rain,pa
भुवनेश्वर चे हवामान अंदाज सांगा.,weather_forecast,mr
இந்த வார இறுதியில் கொல்கத்தாவில் வானிலை எப்படி இருக்கும்?,weather_forecast,ta
How humid is it in Chennai?,humidity,en
What time is sunrise in Kolkata?,sunrise_sunset,en
ਅੱਜ ਕੋਲਕਾਤਾ ਦਾ ਮੌਸਮ ਕਿਹੋ ਜਿਹਾ ਹੈ?,weather_current,pa
বেঙ্গালুরু এ সূর্যোদয় কখন?,sunrise_sunset,bn
What is the humidity in Hyderabad?,humidity,en
भुवनेश्वर में आर्द्रता कितनी है?,humidity,hi
బెంగళూరులో ఈ రోజు వాతావరణం ఎలా ఉంది?,weather_current,te
बेंगलुरु में आज मौसम कैसा है?,weather_current,hi
ముంబై AQI ఎంత?,air_quality,te
ಇಂದು ಭುವನೇಶ್ವರನಲ್ಲಿ ತೇವಾಂಶ ಎಷ್ಟು ಇರುತ್ತದೆ?,humidity,kn
சென்னைவில் எவ்வளவு வெப்பமாக உள்ளது?,temperature,ta
How is the weather in Chennai right now?,weather_current,en
बेंगळुरू आणि भुवनेश्वर मधील हवामानाची तुलना करा.,weather_comparison,mr
ఈ వారాంతంలో చెన్నైలో వాతావరణం ఎలా ఉంటుంది?,weather_forecast,te
ಚೆನ್ನೈನ AQI ಎಷ್ಟು?,air_quality,kn
Is there a chance of rain in Kolkata?,rain,en
"Which is hotter, Delhi or Mumbai?",weather_comparison,en
Will it rain in Bengaluru today?,rain,en
ହାଇଦ୍ରାବାଦରେ ସୂର୍ଯ୍ୟୋଦୟ କେତେବେଳେ?,sunrise_sunset,or
ਦਿੱਲੀ ਵਿੱਚ ਨਮੀ ਕਿੰਨੀ ਹੈ?,humidity,pa
இன்று மும்பைவில் மழை பெய்யுமா?,rain,ta
ఢిల్లీలో గాలి ఎంత వేగంగా వీస్తోంది?,wind,te
চেন্নাই এ আজ আবহাওয়া কেমন?,weather_current,bn
ହାଇଦ୍ରାବାଦରେ କେତେ ଗରମ ଅଛି?,temperature,or
ಪುಣೆನಲ್ಲಿ ತಾಪಮಾನ ಎಷ್ಟು?,temperature,kn
ଭୁବନେଶ୍ୱରରେ କୌଣସି ପାଗ ସତର୍କତା ଅଛି କି?,weather_alert,or
ଆଜି ହାଇଦ୍ରାବାଦର ଆର୍ଦ୍ରତା କେତେ ରହିବ?,humidity,or
કાલે મુંબઈમાં વરસાદ પડશે?,rain,gu
চেন্নাই এবং কলকাতা এর আবহাওয়ার তুলনা করুন।,weather_comparison,bn
கொல்கத்தாவில் காற்றின் வேகம் எவ்வளவு?,wind,ta
ଆସନ୍ତାକାଲି ବେଙ୍ଗାଲୁରୁର ତାପମାତ୍ରା କେତେ ରହିବ?,temperature,or
"ମୁମ୍ବାଇ ନା ଦିଲ୍ଲୀ, କେଉଁଠି ଅଧିକ ଥଣ୍ଡା?",weather_comparison,or
రేపు చెన్నైలో వాతావరణం ఎలా ఉంటుంది?,weather_forecast,te
ବେଙ୍ଗାଲୁରୁରେ ପବନର ବେଗ କେତେ?,wind,or
ચેન્નાઈનું હવામાન અનુમાન શું છે?,weather_forecast,gu
ভুবনেশ্বর এর আবহাওয়া আমাকে বলুন।,weather_current,bn
ଚେନ୍ନାଇରେ କେତେ ଗରମ ଅଛି?,temperature,or
What is the chance of rain in Kolkata?,rain,en
"Which city is colder, Delhi or Pune?",weather_comparison,en
What is the wind speed in Bhubaneswar?,wind,en
বেঙ্গালুরু এর জন্য কোনো আবহাওয়া সতর্কতা আছে?,weather_alert,bn
ముంబైలో ఎంత తేమ ఉంది?,humidity,te
ಚೆನ್ನೈನಲ್ಲಿ ಪ್ರಸ್ತುತ ಹವಾಮಾನ ಹೇಗಿದೆ?,weather_current,kn
కోల్‌కతాలో ఎంత తేమ ఉంది?,humidity,te
હૈદરાબાદનો AQI કેટલો છે?,air_quality,gu
பெங்களூருவில் காற்றின் வேகம் எவ்வளவு?,wind,ta
ದೆಹಲಿನಲ್ಲಿ ಪ್ರಸ್ತುತ ಹವಾಮಾನ ಹೇಗಿದೆ?,weather_current,kn
कोलकाता का मौसम पूर्वानुमान बताओ।,weather_forecast,hi
ਕੋਲਕਾਤਾ ਵਿੱਚ ਕਿੰਨੀ ਗਰਮੀ ਹੈ?,temperature,pa
આજે પુણેમાં ભેજ કેટલો રહેશે?,humidity,gu
दिल्ली मध्ये आर्द्रता किती आहे?,humidity,mr
ಇಂದು ಚೆನ್ನೈನಲ್ಲಿ ಹವಾಮಾನ ಹೇಗಿರುತ್ತದೆ?,weather_current,kn
मुंबई में हवा कितनी तेज है?,wind,hi
ଆଜି ଦିଲ୍ଲୀର ଆର୍ଦ୍ରତା କେତେ ରହିବ?,humidity,or
Is rain expected in Bhubaneswar?,rain,en
ଆଜି କୋଲକାତାରେ ବର୍ଷା ହେବ କି?,rain,or
દિલ્હીમાં હવામાનની કોઈ ચેતવણી છે?,weather_alert,gu
కోల్‌కతాలో సూర్యాస్తమయం ఎప్పుడు?,sunrise_sunset,te
દિલ્હીનું હાલનું હવામાન કેવું છે?,weather_current,gu
ਚੇਨਈ ਵਿੱਚ ਕਿੰਨੀ ਗਰਮੀ ਹੈ?,temperature,pa
दिल्ली साठी हवामानाची कोणतीही चेतावणी आहे का?,weather_alert,mr
उद्या हैदराबाद मध्ये हवामान कसे असेल?,weather_forecast,mr
भुवनेश्वर आणि दिल्ली मधील हवामानाची तुलना करा.,weather_comparison,mr
ভুবনেশ্বর এর তাপমাত্রা কত?,temperature,bn
बेंगलुरु में बारिश की संभावना है?,rain,hi
आज चेन्नई में नमी कितनी रहेगी?,humidity,hi
ನಾಳೆ ಚೆನ್ನೈನಲ್ಲಿ ತಾಪಮಾನ ಎಷ್ಟು ಇರುತ್ತದೆ?,temperature,kn
పుణెలో ఎంత తేమ ఉంది?,humidity,te
पुणे में बारिश की संभावना है?,rain,hi
ભુવનેશ્વરમાં ભેજ કેટલો છે?,humidity,gu
రేపు భువనేశ్వర్లో వర్షం పడుతుందా?,rain,te
ಮುಂಬೈಗೆ ಯಾವುದೇ ಹವಾಮಾನ ಎಚ್ಚರಿಕೆ ಇದೆಯೇ?,weather_alert,kn
ಬೆಂಗಳೂರುನಲ್ಲಿ ಸೂರ್ಯಾಸ್ತ ಯಾವಾಗ?,sunrise_sunset,kn
ಇಂದು ಭುವನೇಶ್ವರನಲ್ಲಿ ತೇವಾಂಶ ಎಷ್ಟು ಇರುತ್ತದೆ?,humidity,kn
மும்பைவில் காற்றின் தரம் எப்படி உள்ளது?,air_quality,ta
मुंबई और पुणे में किसका मौसम बेहतर है?,weather_comparison,hi
ಬೆಂಗಳೂರುನಲ್ಲಿ ಹವಾಮಾನ ಎಚ್ಚರಿಕೆ ಇದೆಯೇ?,weather_alert,kn
ਦਿੱਲੀ ਵਿੱਚ ਕਿੰਨੀ ਗਰਮੀ ਹੈ?,temperature,pa
দিল্লি এ সূর্যাস্ত কখন?,sunrise_sunset,bn
భువనేశ్వర్లో వర్షం పడే అవకాశం ఉందా?,rain,te
ನಾಳೆ ಭುವನೇಶ್ವರನಲ್ಲಿ ಮಳೆ ಬೀಳುತ್ತದೆಯೇ?,rain,kn
ਭੁਵਨੇਸ਼ਵਰ ਵਿੱਚ ਨਮੀ ਕਿੰਨੀ ਹੈ?,humidity,pa
மும்பைவில் எவ்வளவு ஈரப்பதமாக உள்ளது?,humidity,ta
પુણે માટે કોઈ હવામાન ચેતવણી છે?,weather_alert,gu
કોલકાતાનો AQI કેટલો છે?,air_quality,gu
ಭುವನೇಶ್ವರನಲ್ಲಿ ಎಷ್ಟು ತೇವಾಂಶ ಇದೆ?,humidity,kn
ହାଇଦ୍ରାବାଦ ପାଇଁ କୌଣସି ପାଣିପାଗ ସତର୍କତା ଅଛି କି?,weather_alert,or
ಹೈದರಾಬಾದ್ನಲ್ಲಿ ಎಷ್ಟು ಬಿಸಿಯಾಗಿದೆ?,temperature,kn
ਪੁਣੇ ਵਿੱਚ ਮੌਸਮ ਦੀ ਕੋਈ ਚੇਤਾਵਨੀ ਹੈ?,weather_alert,pa
चेन्नई में नमी कितनी है?,humidity,hi
రేపు బెంగళూరులో వర్షం పడుతుందా?,rain,te
मुंबई में तापमान कितना है?,temperature,hi
ହାଇଦ୍ରାବାଦରେ ଆର୍ଦ୍ରତା କେତେ?,humidity,or
বেঙ্গালুরু এ কতটা গরম?,temperature,bn
What will the humidity be in Delhi?,humidity,en
ಇಂದು ಪುಣೆನಲ್ಲಿ ತೇವಾಂಶ ಎಷ್ಟು ಇರುತ್ತದೆ?,humidity,kn
পুনে এর আবহাওয়া আমাকে বলুন।,weather_current,bn
Is there a weather warning for Bhubaneswar?,weather_alert,en
मुंबई साठी हवामानाची कोणतीही चेतावणी आहे का?,weather_alert,mr
What time is sunrise in Delhi?,sunrise_sunset,en
ஹைதராபாத்வில் எவ்வளவு வெப்பமாக உள்ளது?,temperature,ta
இன்று பெங்களூருவில் மழை பெய்யுமா?,rain,ta
ಇಂದು ಪುಣೆನಲ್ಲಿ ಮಳೆ ಬೀಳುತ್ತದೆಯೇ?,rain,kn
రేపు ముంబైలో వాతావరణం ఎలా ఉంటుంది?,weather_forecast,te
आज हैदराबाद में मौसम कैसा रहेगा?,weather_current,hi
બેંગલુરુમાં પવન કેટલો ઝડપી છે?,wind,gu
ਮੁੰਬਈ ਵਿੱਚ ਹਵਾ ਦੀ ਗੁਣਵੱਤਾ ਕਿਹੋ ਜਿਹੀ ਹੈ?,air_quality,pa
What is the weather forecast for Delhi?,weather_forecast,en
ହାଇଦ୍ରାବାଦରେ ସୂର୍ଯ୍ୟାସ୍ତ କେତେବେଳେ?,sunrise_sunset,or
બેંગલુરુમાં વરસાદની શક્યતા છે?,rain,gu
আগামীকাল হায়দ্রাবাদ এর তাপমাত্রা কত থাকবে?,temperature,bn
"பெங்களூரு அல்லது சென்னை, எது குளிராக உள்ளது?",weather_comparison,ta
புவனேஸ்வர்வில் ஈரப்பதம் எவ்வளவு?,humidity,ta
What is the weather like in Delhi?,weather_current,en
கொல்கத்தாவில் இன்று வானிலை எப்படி இருக்கிறது?,weather_current,ta
What is the weather like in Mumbai?,weather_current,en
Will it rain tomorrow in Chennai?,rain,en
ଏହି ସପ୍ତାହ ଶେଷରେ ଭୁବନେଶ୍ୱରର ପାଗ କେମିତି ରହିବ?,weather_forecast,or
মুম্বাই এ সূর্যাস্ত কখন?,sunrise_sunset,bn
இந்த வார இறுதியில் ஹைதராபாத்வில் வானிலை எப்படி இருக்கும்?,weather_forecast,ta
"ಚೆನ್ನೈ ಅಥವಾ ಹೈದರಾಬಾದ್, ಯಾವುದು ಹೆಚ್ಚು ತಂಪಾಗಿದೆ?",weather_comparison,kn
चेन्नई के लिए कोई मौसम चेतावनी है?,weather_alert,hi
ಹೈದರಾಬಾದ್ನಲ್ಲಿ ಗಾಳಿ ಎಷ್ಟು ವೇಗವಾಗಿ ಬೀಸುತ್ತಿದೆ?,wind,kn
મુંબઈ અને પુણેના હવામાનની તુલના કરો.,weather_comparison,gu
Give me the weather forecast for Kolkata.,weather_forecast,en
পুনে এ কতটা গরম?,temperature,bn
कोलकाता में बारिश की संभावना है?,rain,hi
चेन्नई मध्ये किती उष्णता आहे?,temperature,mr
এই সপ্তাহান্তে বেঙ্গালুরু এর আবহাওয়া কেমন হবে?,weather_forecast,bn
कल बेंगलुरु में तापमान कितना रहेगा?,temperature,hi
দিল্লি এ কতটা আর্দ্র?,humidity,bn
ಹೈದರಾಬಾದ್ನಲ್ಲಿ ಎಷ್ಟು ತೇವಾಂಶ ಇದೆ?,humidity,kn
ਕੱਲ੍ਹ ਮੁੰਬਈ ਵਿੱਚ ਤਾਪਮਾਨ ਕਿੰਨਾ ਰਹੇਗਾ?,temperature,pa
ఈ రోజు హైదరాబాద్లో వర్షం పడుతుందా?,rain,te
चेन्नई में सूर्यास्त कितने बजे होगा?,sunrise_sunset,hi
বেঙ্গালুরু এর বর্তমান আবহাওয়া কেমন?,weather_current,bn
ಕೊಲ್ಕತ್ತಾನಲ್ಲಿ ಪ್ರಸ್ತುತ ಹವಾಮಾನ ಹೇಗಿದೆ?,weather_current,kn
कोलकाता में हवा की गति कितनी है?,wind,hi
ভুবনেশ্বর এ কতটা গরম?,temperature,bn
দিল্লি এ আজ আবহাওয়া কেমন?,weather_current,bn
चेन्नई मध्ये किती दमट आहे?,humidity,mr
ಕೊಲ್ಕತ್ತಾನಲ್ಲಿ ಎಷ್ಟು ತೇವಾಂಶ ಇದೆ?,humidity,kn
ಇಂದು ದೆಹಲಿನಲ್ಲಿ ಹವಾಮಾನ ಹೇಗಿರುತ್ತದೆ?,weather_current,kn
ચેન્નાઈનો AQI કેટલો છે?,air_quality,gu
భువనేశ్వర్లో ఎంత తేమ ఉంది?,humidity,te
భువనేశ్వర్లో గాలి వేగం ఎంత?,wind,te
পুনে এর AQI কত?,air_quality,bn
ચેન્નાઈમાં ભેજ કેટલો છે?,humidity,gu
ஹைதராபாத்க்கு வானிலை எச்சரிக்கை உள்ளதா?,weather_alert,ta
कोलकाता आणि मुंबई पैकी कोणते शहर थंड आहे?,weather_comparison,mr
Tell me the temperature in Delhi.,temperature,en
How strong is the wind in Bhubaneswar?,wind,en
Is there a chance of rain in Bhubaneswar?,rain,en
भुवनेश्वर में हवा की गति कितनी है?,wind,hi
How will the weather be in Bhubaneswar this weekend?,weather_forecast,en
দিল্লি এ বাতাসের গতি কত?,wind,bn
ஹைதராபாத்வில் காற்றின் தரம் எப்படி உள்ளது?,air_quality,ta
ଚେନ୍ନାଇର ବର୍ତ୍ତମାନ ପାଗ କେମିତି?,weather_current,or
ਹੈਦਰਾਬਾਦ ਵਿੱਚ ਹਵਾ ਦੀ ਰਫ਼ਤਾਰ ਕਿੰਨੀ ਹੈ?,wind,pa
আজ কি পুনে এ বৃষ্টি হবে?,rain,bn
કાલે બેંગલુરુમાં વરસાદ પડશે?,rain,gu
હૈદરાબાદમાં સૂર્યોદય કેટલા વાગ્યે થાય છે?,sunrise_sunset,gu
મુંબઈનો AQI કેટલો છે?,air_quality,gu
What is the weather like in Pune?,weather_current,en
ਚੇਨਈ ਵਿੱਚ ਨਮੀ ਕਿੰਨੀ ਹੈ?,humidity,pa
चेन्नई मध्ये वाऱ्याचा वेग किती आहे?,wind,mr
ਕੱਲ੍ਹ ਦਿੱਲੀ ਵਿੱਚ ਮੌਸਮ ਕਿਹੋ ਜਿਹਾ ਰਹੇਗਾ?,weather_forecast,pa
కోల్‌కతాలో గాలి వేగం ఎంత?,wind,te
ହାଇଦ୍ରାବାଦରେ ପବନ କେତେ ଜୋରରେ ବହୁଛି?,wind,or
இன்று டெல்லிவில் வானிலை எப்படி இருக்கும்?,weather_current,ta
நாளை புனேவில் வானிலை எப்படி இருக்கும்?,weather_forecast,ta
How strong is the wind in Bhubaneswar?,wind,en
মুম্বাই এ কতটা গরম?,temperature,bn
ਕੀ ਕੱਲ੍ਹ ਦਿੱਲੀ ਵਿੱਚ ਮੀਂਹ ਪਵੇਗਾ?,rain,pa
How is the weather in Bengaluru right now?,weather_current,en
ਪੁਣੇ ਵਿੱਚ ਮੀਂਹ ਦੀ ਸੰਭਾਵਨਾ ਹੈ?,rain,pa
How windy is it in Kolkata?,wind,en
హైదరాబాద్లో వాతావరణ హెచ్చరిక ఉందా?,weather_alert,te
ਚੇਨਈ ਵਿੱਚ ਸੂਰਜ ਕਿੰਨੇ ਵਜੇ ਚੜ੍ਹਦਾ ਹੈ?,sunrise_sunset,pa
நாளை கொல்கத்தாவில் வெப்பநிலை எவ்வளவு இருக்கும்?,temperature,ta
କୋଲକାତାର ପାଗ ପୂର୍ବାନୁମାନ କଣ?,weather_forecast,or
ପୁଣେରେ ତାପମାତ୍ରା କେତେ?,temperature,or
ચેન્નાઈ અને કોલકાતાના હવામાનની તુલના કરો.,weather_comparison,gu
ದೆಹಲಿನಲ್ಲಿ ಮಳೆಯ ಸಾಧ್ಯತೆ ಇದೆಯೇ?,rain,kn
क्या आज मुंबई में बारिश होगी?,rain,hi
ચેન્નાઈમાં હવામાનની કોઈ ચેતવણી છે?,weather_alert,gu
हैदराबाद मध्ये किती उष्णता आहे?,temperature,mr
Is there a weather warning for Pune?,weather_alert,en
How will the weather be in Delhi this weekend?,weather_forecast,en
நாளை பெங்களூருவில் வெப்பநிலை எவ்வளவு இருக்கும்?,temperature,ta
বেঙ্গালুরু এ আজ আবহাওয়া কেমন?,weather_current,bn
ಕೊಲ್ಕತ್ತಾನಲ್ಲಿ ಗಾಳಿಯ ಗುಣಮಟ್ಟ ಹೇಗಿದೆ?,air_quality,kn
ਦਿੱਲੀ ਵਿੱਚ ਹਵਾ ਦੀ ਗੁਣਵੱਤਾ ਕਿਹੋ ਜਿਹੀ ਹੈ?,air_quality,pa
ஹைதராபாத்வில் ஏதேனும் வானிலை எச்சரிக்கை உள்ளதா?,weather_alert,ta
हैदराबाद मधील सध्याचे हवामान कसे आहे?,weather_current,mr
How humid is it in Mumbai?,humidity,en
బెంగళూరులో సూర్యోదయం ఎప్పుడు?,sunrise_sunset,te
How is the air quality in Delhi?,air_quality,en
ಇಂದು ಭುವನೇಶ್ವರನಲ್ಲಿ ಹವಾಮಾನ ಹೇಗಿರುತ್ತದೆ?,weather_current,kn
హైదరాబాద్లో ఉష్ణోగ్రత ఎంత?,temperature,te
କୋଲକାତାରେ ଆଜି ପାଗ କେମିତି ଅଛି?,weather_current,or
হায়দ্রাবাদ এ আজ আবহাওয়া কেমন?,weather_current,bn
What is the weather forecast for Pune?,weather_forecast,en
या आठवड्याच्या शेवटी बेंगळुरू मध्ये हवामान कसे असेल?,weather_forecast,mr
இன்று ஹைதராபாத்வில் ஈரப்பதம் எவ்வளவு இருக்கும்?,humidity,ta
ਚੇਨਈ ਵਿੱਚ ਸੂਰਜ ਕਿੰਨੇ ਵਜੇ ਡੁੱਬਦਾ ਹੈ?,sunrise_sunset,pa
आज चेन्नई मध्ये आर्द्रता किती असेल?,humidity,mr
புனேவின் AQI எவ்வளவு?,air_quality,ta
What is the air quality in Mumbai?,air_quality,en
ಇಂದು ಮುಂಬೈನಲ್ಲಿ ಹವಾಮಾನ ಹೇಗಿರುತ್ತದೆ?,weather_current,kn
क्या आज पुणे में बारिश होगी?,rain,hi
ਅੱਜ ਬੈਂਗਲੁਰੂ ਦਾ ਮੌਸਮ ਕਿਹੋ ਜਿਹਾ ਹੈ?,weather_current,pa
चेन्नई में अभी मौसम कैसा है?,weather_current,hi
బెంగళూరుకి వాతావరణ హెచ్చరికలు ఏమైనా ఉన్నాయా?,weather_alert,te
What will the humidity be in Chennai?,humidity,en
হায়দ্রাবাদ এ কতটা আর্দ্র?,humidity,bn
Is rain expected in Chennai?,rain,en
Is rain expected in Kolkata?,rain,en
చెన్నైలో ఎంత వేడిగా ఉంది?,temperature,te
ಚೆನ್ನೈನಲ್ಲಿ ಹವಾಮಾನ ಎಚ್ಚರಿಕೆ ಇದೆಯೇ?,weather_alert,kn
କୋଲକାତାର ବର୍ତ୍ତମାନ ପାଗ କେମିତି?,weather_current,or
ହାଇଦ୍ରାବାଦରେ ସୂର୍ଯ୍ୟାସ୍ତ କେତେବେଳେ?,sunrise_sunset,or
ବେଙ୍ଗାଲୁରୁରେ ଆର୍ଦ୍ରତା କେତେ?,humidity,or
ଦିଲ୍ଲୀରେ ବାୟୁର ଗୁଣବତ୍ତା କେମିତି?,air_quality,or
ਕੀ ਕੱਲ੍ਹ ਕੋਲਕਾਤਾ ਵਿੱਚ ਮੀਂਹ ਪਵੇਗਾ?,rain,pa
हैदराबाद और भुवनेश्वर के मौसम की तुलना करो।,weather_comparison,hi
कोलकाता चे हवामान अंदाज सांगा.,weather_forecast,mr
भुवनेश्वर मध्ये हवेची गुणवत्ता कशी आहे?,air_quality,mr
Is there a weather warning for Delhi?,weather_alert,en
ਅੱਜ ਬੈਂਗਲੁਰੂ ਵਿੱਚ ਨਮੀ ਕਿੰਨੀ ਰਹੇਗੀ?,humidity,pa
આજે બેંગલુરુમાં ભેજ કેટલો રહેશે?,humidity,gu
"କୋଲକାତା ନା ଦିଲ୍ଲୀ, କେଉଁଠି ଅଧିକ ଥଣ୍ଡା?",weather_comparison,or
ਹੈਦਰਾਬਾਦ ਦਾ ਮੌਸਮ ਪੂਰਵ ਅਨੁਮਾਨ ਕੀ ਹੈ?,weather_forecast,pa
चेन्नई आणि दिल्ली मधील हवामानाची तुलना करा.,weather_comparison,mr
ଆଜି ବେଙ୍ଗାଲୁରୁର ଆର୍ଦ୍ରତା କେତେ ରହିବ?,humidity,or
ଆଜି ଭୁବନେଶ୍ୱରର ପାଗ କେମିତି?,weather_current,or
Is there a weather warning for Bengaluru?,weather_alert,en
बेंगळुरू मध्ये वारा किती जोरात आहे?,wind,mr
ಈ ವಾರಾಂತ್ಯದಲ್ಲಿ ಕೊಲ್ಕತ್ತಾನಲ್ಲಿ ಹವಾಮಾನ ಹೇಗಿರುತ್ತದೆ?,weather_forecast,kn
Are there any severe weather warnings in Kolkata?,weather_alert,en
दिल्ली आणि कोलकाता मधील हवामानाची तुलना करा.,weather_comparison,mr
How is the weather in Kolkata right now?,weather_current,en
मुंबई में अभी मौसम कैसा है?,weather_current,hi
पुणे मध्ये सूर्योदय किती वाजता होतो?,sunrise_sunset,mr
சென்னைவில் வெப்பநிலை எவ்வளவு?,temperature,ta
પુણેમાં સૂર્યોદય કેટલા વાગ્યે થાય છે?,sunrise_sunset,gu
કોલકાતાનો AQI કેટલો છે?,air_quality,gu
ਦਿੱਲੀ ਵਿੱਚ ਇਸ ਵੇਲੇ ਮੌਸਮ ਕਿਹੋ ਜਿਹਾ ਹੈ?,weather_current,pa
Tell me the current weather in Bhubaneswar.,weather_current,en
হায়দ্রাবাদ এর তাপমাত্রা কত?,temperature,bn
কলকাতা এ কোনো আবহাওয়া সতর্কতা জারি হয়েছে?,weather_alert,bn
ఈ వారాంతంలో భువనేశ్వర్లో వాతావరణం ఎలా ఉంటుంది?,weather_forecast,te
કાલે કોલકાતામાં વરસાદ પડશે?,rain,gu
મુંબઈમાં ભેજ કેટલો છે?,humidity,gu
হায়দ্রাবাদ এ কোনো আবহাওয়া সতর্কতা জারি হয়েছে?,weather_alert,bn
చెన్నైలో ప్రస్తుత వాతావరణం ఎలా ఉంది?,weather_current,te
चेन्नई में हवा की गुणवत्ता कैसी है?,air_quality,hi
ಬೆಂಗಳೂರುನಲ್ಲಿ ಗಾಳಿಯ ವೇಗ ಎಷ್ಟು?,wind,kn
আজ কি মুম্বাই এ বৃষ্টি হবে?,rain,bn
What is the weather in Mumbai today?,weather_current,en
மும்பைவில் சூரிய உதயம் எப்போது?,sunrise_sunset,ta
ಪುಣೆನ AQI ಎಷ್ಟು?,air_quality,kn
How cold is it in Kolkata?,temperature,en
ఈ రోజు కోల్‌కతాలో వర్షం పడుతుందా?,rain,te
பெங்களூருவின் AQI எவ்வளவு?,air_quality,ta
కోల్‌కతాలో ఉష్ణోగ్రత ఎంత?,temperature,te
ਕੋਲਕਾਤਾ ਵਿੱਚ ਮੀਂਹ ਦੀ ਸੰਭਾਵਨਾ ਹੈ?,rain,pa
ମୁମ୍ବାଇରେ ଆଜି ପାଗ କେମିତି ଅଛି?,weather_current,or
ভুবনেশ্বর এ কতটা আর্দ্র?,humidity,bn
How windy is it in Bengaluru?,wind,en
When is sunset in Mumbai?,sunrise_sunset,en
ਮੁੰਬਈ ਵਿੱਚ ਕਿੰਨੀ ਗਰਮੀ ਹੈ?,temperature,pa
ಇಂದು ಹೈದರಾಬಾದ್ನಲ್ಲಿ ತೇವಾಂಶ ಎಷ್ಟು ಇರುತ್ತದೆ?,humidity,kn
ਮੁੰਬਈ ਲਈ ਕੋਈ ਮੌਸਮ ਚੇਤਾਵਨੀ ਹੈ?,weather_alert,pa
ಪುಣೆನಲ್ಲಿ ಗಾಳಿಯ ಗುಣಮಟ್ಟ ಹೇಗಿದೆ?,air_quality,kn
ಚೆನ್ನೈನಲ್ಲಿ ಇಂದು ಹವಾಮಾನ ಹೇಗಿದೆ?,weather_current,kn
દિલ્હી અને કોલકાતાના હવામાનની તુલના કરો.,weather_comparison,gu
ಬೆಂಗಳೂರುನಲ್ಲಿ ಪ್ರಸ್ತುತ ಹವಾಮಾನ ಹೇಗಿದೆ?,weather_current,kn
ਭੁਵਨੇਸ਼ਵਰ ਅਤੇ ਚੇਨਈ ਦੇ ਮੌਸਮ ਦੀ ਤੁਲਨਾ ਕਰੋ।,weather_comparison,pa
ಚೆನ್ನೈ ಮತ್ತು ಮುಂಬೈ ಹವಾಮಾನವನ್ನು ಹೋಲಿಸಿ.,weather_comparison,kn
ଏହି ସପ୍ତାହ ଶେଷରେ ଚେନ୍ନାଇର ପାଗ କେମିତି ରହିବ?,weather_forecast,or
दिल्ली में सूर्योदय कितने बजे होगा?,sunrise_sunset,hi
आज पुणे में नमी कितनी रहेगी?,humidity,hi
ચેન્નાઈમાં પવનની ઝડપ કેટલી છે?,wind,gu
બેંગલુરુનું હાલનું હવામાન કેવું છે?,weather_current,gu
ହାଇଦ୍ରାବାଦରେ ଆର୍ଦ୍ରତା କେତେ?,humidity,or
उद्या पुणे मध्ये तापमान किती असेल?,temperature,mr
ভুবনেশ্বর এ বৃষ্টির সম্ভাবনা আছে কি?,rain,bn
What is the AQI in Mumbai?,air_quality,en
రేపు భువనేశ్వర్లో ఉష్ణోగ్రత ఎంత ఉంటుంది?,temperature,te
बेंगलुरु में बारिश की संभावना है?,rain,hi
"Which city is colder, Mumbai or Pune?",weather_comparison,en
पुणे मध्ये वाऱ्याचा वेग किती आहे?,wind,mr
দিল্লি এবং চেন্নাই এর আবহাওয়ার তুলনা করুন।,weather_comparison,bn
ਦਿੱਲੀ ਵਿੱਚ ਮੌਸਮ ਦੀ ਕੋਈ ਚੇਤਾਵਨੀ ਹੈ?,weather_alert,pa
कोलकाता मध्ये वारा किती जोरात आहे?,wind,mr
আগামীকাল কি দিল্লি এ বৃষ্টি হবে?,rain,bn
இன்று புனேவில் ஈரப்பதம் எவ்வளவு இருக்கும்?,humidity,ta
કાલે કોલકાતામાં તાપમાન કેટલું રહેશે?,temperature,gu
કાલે પુણેમાં વરસાદ પડશે?,rain,gu
What is the humidity in Chennai?,humidity,en
बेंगळुरू चे हवामान अंदाज सांगा.,weather_forecast,mr
कल दिल्ली में तापमान कितना रहेगा?,temperature,hi
இன்று சென்னைவில் மழை பெய்யுமா?,rain,ta
क्या कल बेंगलुरु में बारिश होगी?,rain,hi
कोलकाता में मौसम की कोई चेतावनी है?,weather_alert,hi
ચેન્નાઈમાં કેટલી ભેજ છે?,humidity,gu
আগামীকাল মুম্বাই এর আবহাওয়া কেমন থাকবে?,weather_forecast,bn
ਇਸ ਹਫ਼ਤੇ ਦੇ ਅੰਤ ਵਿੱਚ ਦਿੱਲੀ ਵਿੱਚ ਮੌਸਮ ਕਿਹੋ ਜਿਹਾ ਰਹੇਗਾ?,weather_forecast,pa
मुंबई में सूर्योदय कितने बजे होगा?,sunrise_sunset,hi
ਬੈਂਗਲੁਰੂ ਵਿੱਚ ਤਾਪਮਾਨ ਕਿੰਨਾ ਹੈ?,temperature,pa
कोलकाता का वर्तमान मौसम बताओ।,weather_current,hi
હૈદરાબાદમાં કેટલી ગરમી છે?,temperature,gu
ଆସନ୍ତାକାଲି ଦିଲ୍ଲୀରେ ପାଗ କେମିତି ରହିବ?,weather_forecast,or
मुंबई मध्ये आर्द्रता किती आहे?,humidity,mr
આજે ભુવનેશ્વરમાં ભેજ કેટલો રહેશે?,humidity,gu
ଆସନ୍ତାକାଲି କୋଲକାତାର ତାପମାତ୍ରା କେତେ ରହିବ?,temperature,or
ਕੱਲ੍ਹ ਕੋਲਕਾਤਾ ਵਿੱਚ ਤਾਪਮਾਨ ਕਿੰਨਾ ਰਹੇਗਾ?,temperature,pa
சென்னைவில் மழைக்கு வாய்ப்பு உள்ளதா?,rain,ta
ಭುವನೇಶ್ವರನ AQI ಎಷ್ಟು?,air_quality,kn
What is the weather in Kolkata today?,weather_current,en
Is rain expected in Kolkata?,rain,en
ಈ ವಾರಾಂತ್ಯದಲ್ಲಿ ಭುವನೇಶ್ವರನಲ್ಲಿ ಹವಾಮಾನ ಹೇಗಿರುತ್ತದೆ?,weather_forecast,kn
ಇಂದು ಭುವನೇಶ್ವರನಲ್ಲಿ ಮಳೆ ಬೀಳುತ್ತದೆಯೇ?,rain,kn
दिल्ली में मौसम की कोई चेतावनी है?,weather_alert,hi
How is the weather in Pune right now?,weather_current,en
कोलकाता मध्ये वारा किती जोरात आहे?,wind,mr
मुंबई का AQI कितना है?,air_quality,hi
ପୁଣେରେ ଆର୍ଦ୍ରତା କେତେ?,humidity,or
दिल्ली मध्ये हवेची गुणवत्ता कशी आहे?,air_quality,mr
How is the weather today in Delhi?,weather_current,en
दिल्ली में आर्द्रता कितनी है?,humidity,hi
Are there any severe weather warnings in Kolkata?,weather_alert,en
ভুবনেশ্বর এ বাতাসের গতি কত?,wind,bn
ପୁଣେର ପାଗ ପୂର୍ବାନୁମାନ କଣ?,weather_forecast,or
రేపు చెన్నైలో ఉష్ణోగ్రత ఎంత ఉంటుంది?,temperature,te
ਚੇਨਈ ਵਿੱਚ ਹਵਾ ਕਿੰਨੀ ਤੇਜ਼ ਹੈ?,wind,pa
What will the temperature be in Bengaluru tomorrow?,temperature,en
આજે પુણેમાં હવામાન કેવું છે?,weather_current,gu
భువనేశ్వర్ వాతావరణ సూచన ఏమిటి?,weather_forecast,te
ଆଜି ମୁମ୍ବାଇରେ ବର୍ଷା ହେବ କି?,rain,or
இந்த வார இறுதியில் டெல்லிவில் வானிலை எப்படி இருக்கும்?,weather_forecast,ta
चेन्नई मध्ये सूर्योदय किती वाजता होतो?,sunrise_sunset,mr
ହାଇଦ୍ରାବାଦ ପାଇଁ କୌଣସି ପାଣିପାଗ ସତର୍କତା ଅଛି କି?,weather_alert,or
বেঙ্গালুরু এর বায়ুর মান কেমন?,air_quality,bn
হায়দ্রাবাদ এর বায়ুর মান কেমন?,air_quality,bn
டெல்லிக்கு வானிலை எச்சரிக்கை உள்ளதா?,weather_alert,ta
પુણેમાં કેટલી ગરમી છે?,temperature,gu
ভুবনেশ্বর এর আবহাওয়ার পূর্বাভাস কী?,weather_forecast,bn
इस सप्ताह के अंत में बेंगलुरु में मौसम कैसा रहेगा?,weather_forecast,hi
ஹைதராபாத்வில் சூரிய உதயம் எப்போது?,sunrise_sunset,ta
ಭುವನೇಶ್ವರನಲ್ಲಿ ಇಂದು ಹವಾಮಾನ ಹೇಗಿದೆ?,weather_current,kn
दिल्ली मध्ये किती दमट आहे?,humidity,mr
ಇಂದು ದೆಹಲಿನಲ್ಲಿ ಮಳೆ ಬೀಳುತ್ತದೆಯೇ?,rain,kn
ચેન્નાઈમાં વરસાદની શક્યતા છે?,rain,gu
ବେଙ୍ଗାଲୁରୁରେ କେତେ ଗରମ ଅଛି?,temperature,or
ಹೈದರಾಬಾದ್ನ AQI ಎಷ್ಟು?,air_quality,kn
ਮੁੰਬਈ ਵਿੱਚ ਨਮੀ ਕਿੰਨੀ ਹੈ?,humidity,pa
புனேவில் தற்போதைய வானிலை எப்படி உள்ளது?,weather_current,ta
पुणे मध्ये हवेची गुणवत्ता कशी आहे?,air_quality,mr
ಚೆನ್ನೈನಲ್ಲಿ ಗಾಳಿ ಎಷ್ಟು ವೇಗವಾಗಿ ಬೀಸುತ್ತಿದೆ?,wind,kn
புனே வானிலை முன்னறிவிப்பு என்ன?,weather_forecast,ta
ಇಂದು ಹೈದರಾಬಾದ್ನಲ್ಲಿ ಹವಾಮಾನ ಹೇಗಿರುತ್ತದೆ?,weather_current,kn
ભુવનેશ્વરમાં વરસાદની શક્યતા છે?,rain,gu
ਭੁਵਨੇਸ਼ਵਰ ਵਿੱਚ ਹਵਾ ਕਿੰਨੀ ਤੇਜ਼ ਹੈ?,wind,pa
రేపు ముంబైలో వర్షం పడుతుందా?,rain,te
Are there any severe weather warnings in Hyderabad?,weather_alert,en
ದೆಹಲಿ ಮತ್ತು ಹೈದರಾಬಾದ್ ಹವಾಮಾನವನ್ನು ಹೋಲಿಸಿ.,weather_comparison,kn
"କୋଲକାତା ନା ଦିଲ୍ଲୀ, କେଉଁଠି ଅଧିକ ଥଣ୍ଡା?",weather_comparison,or
What time is sunrise in Delhi?,sunrise_sunset,en
நாளை சென்னைவில் வெப்பநிலை எவ்வளவு இருக்கும்?,temperature,ta
બેંગલુરુમાં ભેજ કેટલો છે?,humidity,gu
ಬೆಂಗಳೂರುನಲ್ಲಿ ತೇವಾಂಶ ಎಷ್ಟು?,humidity,kn
আগামীকাল দিল্লি এর আবহাওয়া কেমন থাকবে?,weather_forecast,bn
How hot is it in Kolkata?,temperature,en
इस सप्ताह के अंत में कोलकाता में मौसम कैसा रहेगा?,weather_forecast,hi
उद्या मुंबई मध्ये हवामान कसे असेल?,weather_forecast,mr
કોલકાતામાં આજે હવામાન કેવું છે?,weather_current,gu
ਕੱਲ੍ਹ ਮੁੰਬਈ ਵਿੱਚ ਮੌਸਮ ਕਿਹੋ ਜਿਹਾ ਰਹੇਗਾ?,weather_forecast,pa
When is sunset in Delhi?,sunrise_sunset,en
ਕੀ ਅੱਜ ਹੈਦਰਾਬਾਦ ਵਿੱਚ ਮੀਂਹ ਪਵੇਗਾ?,rain,pa
पुणे में कितनी गर्मी है?,temperature,hi
ମୁମ୍ବାଇର ପାଗ ପୂର୍ବାନୁମାନ କଣ?,weather_forecast,or
ஹைதராபாத்வில் ஈரப்பதம் எவ்வளவு?,humidity,ta
కోల్‌కతా మరియు చెన్నై వాతావరణాన్ని పోల్చండి.,weather_comparison,te
ਕੋਲਕਾਤਾ ਵਿੱਚ ਕਿੰਨੀ ਗਰਮੀ ਹੈ?,temperature,pa
ଆସନ୍ତାକାଲି ମୁମ୍ବାଇର ତାପମାତ୍ରା କେତେ ରହିବ?,temperature,or
What is the AQI in Hyderabad?,air_quality,en
What is the air quality in Pune?,air_quality,en
What will the humidity be in Bhubaneswar?,humidity,en
புவனேஸ்வர்வில் சூரிய அஸ்தமனம் எப்போது?,sunrise_sunset,ta
ਭੁਵਨੇਸ਼ਵਰ ਲਈ ਕੋਈ ਮੌਸਮ ਚੇਤਾਵਨੀ ਹੈ?,weather_alert,pa
आज चेन्नई में मौसम कैसा रहेगा?,weather_current,hi
मुंबई में हवा की गति कितनी है?,wind,hi
కోల్‌కతాలో ఎంత తేమ ఉంది?,humidity,te
Are there any weather alerts for Pune?,weather_alert,en
When is sunset in Kolkata?,sunrise_sunset,en
मुंबई आणि पुणे पैकी कोणते शहर थंड आहे?,weather_comparison,mr
హైదరాబాద్లో గాలి వేగం ఎంత?,wind,te
நாளை புனேவில் வெப்பநிலை எவ்வளவு இருக்கும்?,temperature,ta
पुणे और भुवनेश्वर में किसका मौसम बेहतर है?,weather_comparison,hi
கொல்கத்தாவில் சூரிய அஸ்தமனம் எப்போது?,sunrise_sunset,ta
আগামীকাল পুনে এর আবহাওয়া কেমন থাকবে?,weather_forecast,bn
ਕੱਲ੍ਹ ਬੈਂਗਲੁਰੂ ਵਿੱਚ ਮੌਸਮ ਕਿਹੋ ਜਿਹਾ ਰਹੇਗਾ?,weather_forecast,pa
दिल्ली मध्ये किती उष्णता आहे?,temperature,mr
పుణెలో వర్షం పడే అవకాశం ఉందా?,rain,te
ಹೈದರಾಬಾದ್ನಲ್ಲಿ ಹವಾಮಾನ ಎಚ್ಚರಿಕೆ ಇದೆಯೇ?,weather_alert,kn
બેંગલુરુમાં કેટલી ભેજ છે?,humidity,gu
புனேவில் ஏதேனும் வானிலை எச்சரிக்கை உள்ளதா?,weather_alert,ta
મુંબઈનું હવામાન અનુમાન શું છે?,weather_forecast,gu
हैदराबाद में मौसम की कोई चेतावनी है?,weather_alert,hi
କୋଲକାତାରେ ପବନ କେତେ ଜୋରରେ ବହୁଛି?,wind,or
કોલકાતામાં હવાની ગુણવત્તા કેવી છે?,air_quality,gu
పుణెలో ఈ రోజు వాతావరణం ఎలా ఉంది?,weather_current,te
What weather can I expect in Bhubaneswar tomorrow?,weather_forecast,en
চেন্নাই এ বাতাস কতটা জোরে বইছে?,wind,bn
પુણે અને હૈદરાબાદના હવામાનની તુલના કરો.,weather_comparison,gu
मुंबई चा AQI किती आहे?,air_quality,mr
পুনে এর আবহাওয়া আমাকে বলুন।,weather_current,bn
How windy is it in Kolkata?,wind,en
ଭୁବନେଶ୍ୱରରେ କେତେ ଗରମ ଅଛି?,temperature,or
आज भुवनेश्वर चे हवामान कसे आहे?,weather_current,mr
ਮੁੰਬਈ ਦਾ AQI ਕਿੰਨਾ ਹੈ?,air_quality,pa
मुंबई आणि चेन्नई मधील हवामानाची तुलना करा.,weather_comparison,mr
ಹೈದರಾಬಾದ್ನ AQI ಎಷ್ಟು?,air_quality,kn
ಮುಂಬೈನಲ್ಲಿ ಎಷ್ಟು ತೇವಾಂಶ ಇದೆ?,humidity,kn
What is the air quality in Bengaluru?,air_quality,en
ਪੁਣੇ ਅਤੇ ਮੁੰਬਈ ਦੇ ਮੌਸਮ ਦੀ ਤੁਲਨਾ ਕਰੋ।,weather_comparison,pa
পুনে এ বাতাসের গতি কত?,wind,bn
What will the temperature be in Bhubaneswar tomorrow?,temperature,en
Is there a chance of rain in Hyderabad?,rain,en
মুম্বাই এর আর্দ্রতা কত?,humidity,bn
আজ পুনে এর আবহাওয়া কেমন?,weather_current,bn
ଦିଲ୍ଲୀର ପାଗ ପୂର୍ବାନୁମାନ କଣ?,weather_forecast,or
Is there a chance of rain in Chennai?,rain,en
ಬೆಂಗಳೂರುನಲ್ಲಿ ಸೂರ್ಯಾಸ್ತ ಯಾವಾಗ?,sunrise_sunset,kn
চেন্নাই এর AQI কত?,air_quality,bn
कल पुणे में मौसम कैसा रहेगा?,weather_forecast,hi
How is the air quality in Pune?,air_quality,en
ਦਿੱਲੀ ਵਿੱਚ ਹਵਾ ਕਿੰਨੀ ਤੇਜ਼ ਹੈ?,wind,pa
দিল্লি এ বৃষ্টির সম্ভাবনা আছে কি?,rain,bn
ਮੁੰਬਈ ਲਈ ਕੋਈ ਮੌਸਮ ਚੇਤਾਵਨੀ ਹੈ?,weather_alert,pa
What is the weather in Bengaluru today?,weather_current,en
ଦିଲ୍ଲୀରେ ତାପମାତ୍ରା କେତେ?,temperature,or
चेन्नई में हवा की गुणवत्ता कैसी है?,air_quality,hi
બેંગલુરુ અને મુંબઈના હવામાનની તુલના કરો.,weather_comparison,gu
बेंगलुरु का वर्तमान मौसम बताओ।,weather_current,hi
ભુવનેશ્વરનું હવામાન અનુમાન શું છે?,weather_forecast,gu
இந்த வார இறுதியில் சென்னைவில் வானிலை எப்படி இருக்கும்?,weather_forecast,ta
పుణెలో వాతావరణ హెచ్చరిక ఉందా?,weather_alert,te
या आठवड्याच्या शेवटी मुंबई मध्ये हवामान कसे असेल?,weather_forecast,mr
उद्या चेन्नई मध्ये पाऊस पडेल का?,rain,mr
পুনে এ সূর্যোদয় কখন?,sunrise_sunset,bn
કાલે દિલ્હીમાં તાપમાન કેટલું રહેશે?,temperature,gu
મુંબઈમાં પવનની ઝડપ કેટલી છે?,wind,gu
ମୁମ୍ବାଇରେ ତାପମାତ୍ରା କେତେ?,temperature,or
"ଦିଲ୍ଲୀ ନା କୋଲକାତା, କେଉଁଠି ଅଧିକ ଥଣ୍ଡା?",weather_comparison,or
ಮುಂಬೈನಲ್ಲಿ ಗಾಳಿಯ ಗುಣಮಟ್ಟ ಹೇಗಿದೆ?,air_quality,kn
What will the weather be like in Hyderabad tomorrow?,weather_forecast,en
आज दिल्ली में मौसम कैसा रहेगा?,weather_current,hi
What is the weather in Kolkata today?,weather_current,en
Tell me the current weather in Bengaluru.,weather_current,en
கொல்கத்தாவில் காற்றின் தரம் எப்படி உள்ளது?,air_quality,ta
ਦਿੱਲੀ ਵਿੱਚ ਮੀਂਹ ਦੀ ਸੰਭਾਵਨਾ ਹੈ?,rain,pa
ଚେନ୍ନାଇରେ ସୂର୍ଯ୍ୟାସ୍ତ କେତେବେଳେ?,sunrise_sunset,or
भुवनेश्वर में तापमान कितना है?,temperature,hi
ಬೆಂಗಳೂರುಗೆ ಯಾವುದೇ ಹವಾಮಾನ ಎಚ್ಚರಿಕೆ ಇದೆಯೇ?,weather_alert,kn
புனேவில் எவ்வளவு வெப்பமாக உள்ளது?,temperature,ta
মুম্বাই এর বর্তমান আবহাওয়া কেমন?,weather_current,bn
டெல்லிவில் காற்றின் வேகம் எவ்வளவு?,wind,ta
ਇਸ ਹਫ਼ਤੇ ਦੇ ਅੰਤ ਵਿੱਚ ਪੁਣੇ ਵਿੱਚ ਮੌਸਮ ਕਿਹੋ ਜਿਹਾ ਰਹੇਗਾ?,weather_forecast,pa
કાલે મુંબઈમાં તાપમાન કેટલું રહેશે?,temperature,gu
चेन्नई मधील सध्याचे हवामान कसे आहे?,weather_current,mr
ବେଙ୍ଗାଲୁରୁରେ ପବନ କେତେ ଜୋରରେ ବହୁଛି?,wind,or
या आठवड्याच्या शेवटी भुवनेश्वर मध्ये हवामान कसे असेल?,weather_forecast,mr
ಪುಣೆನಲ್ಲಿ ಗಾಳಿ ಎಷ್ಟು ವೇಗವಾಗಿ ಬೀಸುತ್ತಿದೆ?,wind,kn
ਬੈਂਗਲੁਰੂ ਵਿੱਚ ਮੀਂਹ ਦੀ ਸੰਭਾਵਨਾ ਹੈ?,rain,pa
आज हैदराबाद मध्ये पाऊस पडेल का?,rain,mr
बेंगलुरु के लिए कोई मौसम चेतावनी है?,weather_alert,hi
ਹੈਦਰਾਬਾਦ ਵਿੱਚ ਅੱਜ ਮੌਸਮ ਕਿਹੋ ਜਿਹਾ ਹੈ?,weather_current,pa
"ಕೊಲ್ಕತ್ತಾ ಅಥವಾ ದೆಹಲಿ, ಯಾವುದು ಹೆಚ್ಚು ತಂಪಾಗಿದೆ?",weather_comparison,kn
ಕೊಲ್ಕತ್ತಾಗೆ ಯಾವುದೇ ಹವಾಮಾನ ಎಚ್ಚರಿಕೆ ಇದೆಯೇ?,weather_alert,kn
भुवनेश्वर में नमी कितनी है?,humidity,hi
उद्या पुणे मध्ये हवामान कसे असेल?,weather_forecast,mr
"Which city is colder, Delhi or Pune?",weather_comparison,en
ହାଇଦ୍ରାବାଦରେ କେତେ ଆର୍ଦ୍ରତା ଅଛି?,humidity,or
ਚੇਨਈ ਵਿੱਚ ਮੌਸਮ ਦੀ ਕੋਈ ਚੇਤਾਵਨੀ ਹੈ?,weather_alert,pa
Are there any weather alerts for Kolkata?,weather_alert,en
કાલે ભુવનેશ્વરમાં હવામાન કેવું રહેશે?,weather_forecast,gu
कोलकाता में तापमान कितना है?,temperature,hi
কলকাতা এর আর্দ্রতা কত?,humidity,bn
Give me the weather forecast for Pune.,weather_forecast,en
দিল্লি এর AQI কত?,air_quality,bn
কলকাতা এ আজ আবহাওয়া কেমন?,weather_current,bn
पुणे मध्ये आज हवामान कसे आहे?,weather_current,mr
भुवनेश्वर के लिए कोई मौसम चेतावनी है?,weather_alert,hi
हैदराबाद और चेन्नई में किसका मौसम बेहतर है?,weather_comparison,hi
পুনে এর আর্দ্রতা কত?,humidity,bn
बेंगळुरू साठी हवामानाची कोणतीही चेतावणी आहे का?,weather_alert,mr
What is the temperature in Hyderabad?,temperature,en
ದೆಹಲಿನ AQI ಎಷ್ಟು?,air_quality,kn
How is the air quality in Kolkata?,air_quality,en
আগামীকাল চেন্নাই এর তাপমাত্রা কত থাকবে?,temperature,bn
హైదరాబాద్లో సూర్యోదయం ఎప్పుడు?,sunrise_sunset,te
டெல்லிவின் AQI எவ்வளவு?,air_quality,ta
दिल्ली और चेन्नई के मौसम की तुलना करो।,weather_comparison,hi
દિલ્હીનું હવામાન અનુમાન શું છે?,weather_forecast,gu
भुवनेश्वर का मौसम पूर्वानुमान बताओ।,weather_forecast,hi
ମୁମ୍ବାଇର ପାଗ ବିଷୟରେ କୁହନ୍ତୁ।,weather_current,or
दिल्ली में नमी कितनी है?,humidity,hi
ભુવનેશ્વરમાં કેટલી ભેજ છે?,humidity,gu
ஹைதராபாத் மற்றும் டெல்லி வானிலையை ஒப்பிடுங்கள்.,weather_comparison,ta
ਪੁਣੇ ਵਿੱਚ ਅੱਜ ਮੌਸਮ ਕਿਹੋ ਜਿਹਾ ਹੈ?,weather_current,pa
బెంగళూరులో గాలి ఎంత వేగంగా వీస్తోంది?,wind,te
આ સપ્તાહના અંતે મુંબઈમાં હવામાન કેવું રહેશે?,weather_forecast,gu
ପୁଣେରେ ପବନର ବେଗ କେତେ?,wind,or
ଚେନ୍ନାଇରେ ବାୟୁର ଗୁଣବତ୍ତା କେମିତି?,air_quality,or
ಇಂದು ದೆಹಲಿನಲ್ಲಿ ತೇವಾಂಶ ಎಷ್ಟು ಇರುತ್ತದೆ?,humidity,kn
ଆସନ୍ତାକାଲି ହାଇଦ୍ରାବାଦରେ ବର୍ଷା ହେବ କି?,rain,or
கொல்கத்தாவில் காற்றின் தரம் எப்படி உள்ளது?,air_quality,ta
புவனேஸ்வர்வின் AQI எவ்வளவு?,air_quality,ta
ਭੁਵਨੇਸ਼ਵਰ ਵਿੱਚ ਤਾਪਮਾਨ ਕਿੰਨਾ ਹੈ?,temperature,pa
What is the weather forecast for Bhubaneswar?,weather_forecast,en
દિલ્હીમાં પવન કેટલો ઝડપી છે?,wind,gu
இந்த வார இறுதியில் ஹைதராபாத்வில் வானிலை எப்படி இருக்கும்?,weather_forecast,ta
চেন্নাই এর বর্তমান আবহাওয়া কেমন?,weather_current,bn
రేపు ఢిల్లీలో వర్షం పడుతుందా?,rain,te
புனேவில் காற்றின் வேகம் எவ்வளவு?,wind,ta
ఈ రోజు హైదరాబాద్లో వాతావరణం ఎలా ఉంటుంది?,weather_current,te
How cold is it in Chennai?,temperature,en
ಪುಣೆನಲ್ಲಿ ಎಷ್ಟು ಬಿಸಿಯಾಗಿದೆ?,temperature,kn
ভুবনেশ্বর এর জন্য কোনো আবহাওয়া সতর্কতা আছে?,weather_alert,bn
ముంబై AQI ఎంత?,air_quality,te
ਹੈਦਰਾਬਾਦ ਵਿੱਚ ਮੀਂਹ ਦੀ ਸੰਭਾਵਨਾ ਹੈ?,rain,pa
ପୁଣେରେ ବାୟୁର ଗୁଣବତ୍ତା କେମିତି?,air_quality,or
பெங்களூருவின் AQI எவ்வளவு?,air_quality,ta
ਭੁਵਨੇਸ਼ਵਰ ਵਿੱਚ ਕਿੰਨੀ ਨਮੀ ਹੈ?,humidity,pa
ଦିଲ୍ଲୀ ଏବଂ ହାଇଦ୍ରାବାଦର ପାଗ ତୁଳନା କରନ୍ତୁ।,weather_comparison,or
दिल्ली में तापमान कितना है?,temperature,hi
ఈ వారాంతంలో చెన్నైలో వాతావరణం ఎలా ఉంటుంది?,weather_forecast,te
రేపు భువనేశ్వర్లో వాతావరణం ఎలా ఉంటుంది?,weather_forecast,te
ಇಂದು ಹೈದರಾಬಾದ್ನಲ್ಲಿ ಹವಾಮಾನ ಹೇಗಿರುತ್ತದೆ?,weather_current,kn
दिल्ली मधील सध्याचे हवामान कसे आहे?,weather_current,mr
ଆସନ୍ତାକାଲି କୋଲକାତାରେ ବର୍ଷା ହେବ କି?,rain,or
What will the temperature be in Mumbai tomorrow?,temperature,en
આજે બેંગલુરુમાં વરસાદ પડશે?,rain,gu
এই সপ্তাহান্তে দিল্লি এর আবহাওয়া কেমন হবে?,weather_forecast,bn
What will the weather be like in Chennai tomorrow?,weather_forecast,en
What is the weather in Chennai today?,weather_current,en
ବେଙ୍ଗାଲୁରୁରେ ସୂର୍ଯ୍ୟୋଦୟ କେତେବେଳେ?,sunrise_sunset,or
कल बेंगलुरु में मौसम कैसा रहेगा?,weather_forecast,hi
Will it rain in Mumbai today?,rain,en
दिल्ली में नमी कितनी है?,humidity,hi
दिल्ली मध्ये वाऱ्याचा वेग किती आहे?,wind,mr
Compare the weather in Mumbai and Kolkata.,weather_comparison,en
হায়দ্রাবাদ এর আবহাওয়ার পূর্বাভাস কী?,weather_forecast,bn
चेन्नई का वर्तमान मौसम बताओ।,weather_current,hi
ಬೆಂಗಳೂರುನಲ್ಲಿ ತಾಪಮಾನ ಎಷ್ಟು?,temperature,kn
मुंबई मध्ये किती उष्णता आहे?,temperature,mr
মুম্বাই এর তাপমাত্রা কত?,temperature,bn
ಪುಣೆನಲ್ಲಿ ತೇವಾಂಶ ಎಷ್ಟು?,humidity,kn
ದೆಹಲಿನಲ್ಲಿ ಸೂರ್ಯೋದಯ ಯಾವಾಗ?,sunrise_sunset,kn
कोलकाता चा AQI किती आहे?,air_quality,mr
When is sunset in Mumbai?,sunrise_sunset,en
પુણેમાં કેટલી ગરમી છે?,temperature,gu
ಕೊಲ್ಕತ್ತಾ ಮತ್ತು ಬೆಂಗಳೂರು ಹವಾಮಾನವನ್ನು ಹೋಲಿಸಿ.,weather_comparison,kn
कोलकाता मध्ये हवेची गुणवत्ता कशी आहे?,air_quality,mr
आज कोलकाता मध्ये आर्द्रता किती असेल?,humidity,mr
What time is sunrise in Pune?,sunrise_sunset,en
পুনে এ বৃষ্টির সম্ভাবনা আছে কি?,rain,bn
ଆଜି ବେଙ୍ଗାଲୁରୁର ପାଗ କେମିତି?,weather_current,or
হায়দ্রাবাদ এ কতটা গরম?,temperature,bn
புனேவில் ஏதேனும் வானிலை எச்சரிக்கை உள்ளதா?,weather_alert,ta
ನಾಳೆ ಭುವನೇಶ್ವರನಲ್ಲಿ ತಾಪಮಾನ ಎಷ್ಟು ಇರುತ್ತದೆ?,temperature,kn
आज पुणे में मौसम कैसा रहेगा?,weather_current,hi
Is there a weather warning for Bhubaneswar?,weather_alert,en
పుణె AQI ఎంత?,air_quality,te
ஹைதராபாத்வில் சூரிய உதயம் எப்போது?,sunrise_sunset,ta
"ఢిల్లీ లేదా బెంగళూరు, ఏది చల్లగా ఉంది?",weather_comparison,te
बेंगलुरु में अभी मौसम कैसा है?,weather_current,hi
ಚೆನ್ನೈನಲ್ಲಿ ಇಂದು ಹವಾಮಾನ ಹೇಗಿದೆ?,weather_current,kn
நாளை புனேவில் வானிலை எப்படி இருக்கும்?,weather_forecast,ta
आज पुणे मध्ये पाऊस पडेल का?,rain,mr
நாளை பெங்களூருவில் மழை பெய்யுமா?,rain,ta
How hot is it in Pune?,temperature,en
How cold is it in Bengaluru?,temperature,en
દિલ્હીમાં કેટલી ભેજ છે?,humidity,gu
ପୁଣେରେ ବର୍ଷା ହେବାର ସମ୍ଭାବନା ଅଛି କି?,rain,or
કોલકાતામાં પવનની ઝડપ કેટલી છે?,wind,gu
What will the weather be like in Bhubaneswar tomorrow?,weather_forecast,en
ದೆಹಲಿನಲ್ಲಿ ಎಷ್ಟು ಬಿಸಿಯಾಗಿದೆ?,temperature,kn
কলকাতা এ সূর্যোদয় কখন?,sunrise_sunset,bn
આજે ભુવનેશ્વરમાં વરસાદ પડશે?,rain,gu
How cold is it in Delhi?,temperature,en
ਮੁੰਬਈ ਵਿੱਚ ਤਾਪਮਾਨ ਕਿੰਨਾ ਹੈ?,temperature,pa
क्या आज भुवनेश्वर में बारिश होगी?,rain,hi
What is the weather in Pune today?,weather_current,en
কলকাতা এ সূর্যাস্ত কখন?,sunrise_sunset,bn
ଚେନ୍ନାଇର AQI କେତେ?,air_quality,or
బెంగళూరులో ఎంత వేడిగా ఉంది?,temperature,te
ஹைதராபாத்வில் எவ்வளவு ஈரப்பதமாக உள்ளது?,humidity,ta
पुणे मध्ये वारा किती जोरात आहे?,wind,mr
Are there any weather alerts for Bhubaneswar?,weather_alert,en
ਕੱਲ੍ਹ ਹੈਦਰਾਬਾਦ ਵਿੱਚ ਤਾਪਮਾਨ ਕਿੰਨਾ ਰਹੇਗਾ?,temperature,pa
ବେଙ୍ଗାଲୁରୁରେ ଆଜି ପାଗ କେମିତି ଅଛି?,weather_current,or
ಚೆನ್ನೈನಲ್ಲಿ ಮಳೆಯ ಸಾಧ್ಯತೆ ಇದೆಯೇ?,rain,kn
মুম্বাই এ সূর্যোদয় কখন?,sunrise_sunset,bn
ਕੀ ਅੱਜ ਬੈਂਗਲੁਰੂ ਵਿੱਚ ਮੀਂਹ ਪਵੇਗਾ?,rain,pa
Will it rain in Delhi today?,rain,en
நாளை சென்னைவில் வானிலை எப்படி இருக்கும்?,weather_forecast,ta
ਕੀ ਕੱਲ੍ਹ ਭੁਵਨੇਸ਼ਵਰ ਵਿੱਚ ਮੀਂਹ ਪਵੇਗਾ?,rain,pa
What time does the sun rise in Delhi?,sunrise_sunset,en
हैदराबाद में अभी मौसम कैसा है?,weather_current,hi
पुणे में तापमान कितना है?,temperature,hi
उद्या मुंबई मध्ये तापमान किती असेल?,temperature,mr
कोलकाता में मौसम की कोई चेतावनी है?,weather_alert,hi
उद्या मुंबई मध्ये तापमान किती असेल?,temperature,mr
ਪੁਣੇ ਵਿੱਚ ਹਵਾ ਦੀ ਰਫ਼ਤਾਰ ਕਿੰਨੀ ਹੈ?,wind,pa
"মুম্বাই না কলকাতা, কোনটি বেশি ঠান্ডা?",weather_comparison,bn
கொல்கத்தாவில் வெப்பநிலை எவ்வளவு?,temperature,ta
ଆଜି ପୁଣେରେ ବର୍ଷା ହେବ କି?,rain,or
બેંગલુરુમાં સૂર્યોદય કેટલા વાગ્યે થાય છે?,sunrise_sunset,gu
हैदराबाद मध्ये वाऱ्याचा वेग किती आहे?,wind,mr
ਹੈਦਰਾਬਾਦ ਵਿੱਚ ਹਵਾ ਕਿੰਨੀ ਤੇਜ਼ ਹੈ?,wind,pa
क्या कल चेन्नई में बारिश होगी?,rain,hi
ପୁଣେରେ ଆର୍ଦ୍ରତା କେତେ?,humidity,or
Is there a chance of rain in Bengaluru?,rain,en
When is sunset in Pune?,sunrise_sunset,en
రేపు హైదరాబాద్లో ఉష్ణోగ్రత ఎంత ఉంటుంది?,temperature,te
ચેન્નાઈ અને મુંબઈમાંથી કયું વધુ ઠંડું છે?,weather_comparison,gu
ચેન્નાઈમાં હવાની ગુણવત્તા કેવી છે?,air_quality,gu
আগামীকাল ভুবনেশ্বর এর আবহাওয়া কেমন থাকবে?,weather_forecast,bn
भुवनेश्वर के लिए कोई मौसम चेतावनी है?,weather_alert,hi
ಕೊಲ್ಕತ್ತಾನಲ್ಲಿ ತಾಪಮಾನ ಎಷ್ಟು?,temperature,kn
Give me the weather forecast for Hyderabad.,weather_forecast,en
కోల్‌కతా AQI ఎంత?,air_quality,te
What time does the sun rise in Delhi?,sunrise_sunset,en
What is the AQI in Pune?,air_quality,en
બેંગલુરુમાં સૂર્યાસ્ત કેટલા વાગ્યે થાય છે?,sunrise_sunset,gu
ಚೆನ್ನೈನಲ್ಲಿ ಗಾಳಿಯ ವೇಗ ಎಷ್ಟು?,wind,kn
ಹೈದರಾಬಾದ್ನಲ್ಲಿ ಪ್ರಸ್ತುತ ಹವಾಮಾನ ಹೇಗಿದೆ?,weather_current,kn
ମୁମ୍ବାଇରେ କେତେ ଆର୍ଦ୍ରତା ଅଛି?,humidity,or
చెన్నైలో ఈ రోజు వాతావరణం ఎలా ఉంది?,weather_current,te
ಮುಂಬೈನಲ್ಲಿ ಪ್ರಸ್ತುತ ಹವಾಮಾನ ಹೇಗಿದೆ?,weather_current,kn
કાલે બેંગલુરુમાં હવામાન કેવું રહેશે?,weather_forecast,gu
How humid is it in Pune?,humidity,en
Are there any severe weather warnings in Pune?,weather_alert,en
आज चेन्नई मध्ये पाऊस पडेल का?,rain,mr
ముంబైలో తేమ ఎంత?,humidity,te
આજે ભુવનેશ્વરમાં હવામાન કેવું છે?,weather_current,gu
கொல்கத்தா மற்றும் புவனேஸ்வர் வானிலையை ஒப்பிடுங்கள்.,weather_comparison,ta
ਅੱਜ ਚੇਨਈ ਦਾ ਮੌਸਮ ਕਿਹੋ ਜਿਹਾ ਹੈ?,weather_current,pa
कोलकाता साठी हवामानाची कोणतीही चेतावणी आहे का?,weather_alert,mr
ଆସନ୍ତାକାଲି ମୁମ୍ବାଇରେ ବର୍ଷା ହେବ କି?,rain,or
சென்னைவில் தற்போதைய வானிலை எப்படி உள்ளது?,weather_current,ta
कोलकाता में हवा की गुणवत्ता कैसी है?,air_quality,hi
ଆଜି ଚେନ୍ନାଇର ପାଗ କେମିତି?,weather_current,or
ଆଜି ଚେନ୍ନାଇରେ ବର୍ଷା ହେବ କି?,rain,or
হায়দ্রাবাদ এ বৃষ্টির সম্ভাবনা আছে কি?,rain,bn
Tell me the temperature in Hyderabad.,temperature,en
भुवनेश्वर मध्ये तापमान किती आहे?,temperature,mr
হায়দ্রাবাদ এ সূর্যোদয় কখন?,sunrise_sunset,bn
আজ কি চেন্নাই এ বৃষ্টি হবে?,rain,bn
হায়দ্রাবাদ এর তাপমাত্রা কত?,temperature,bn
ಕೊಲ್ಕತ್ತಾನಲ್ಲಿ ಸೂರ್ಯೋದಯ ಯಾವಾಗ?,sunrise_sunset,kn
பெங்களூருவில் எவ்வளவு வெப்பமாக உள்ளது?,temperature,ta
কলকাতা এর বায়ুর মান কেমন?,air_quality,bn
What is the weather like in Delhi?,weather_current,en
হায়দ্রাবাদ এবং দিল্লি এর আবহাওয়ার তুলনা করুন।,weather_comparison,bn
ପୁଣେ ଏବଂ ଭୁବନେଶ୍ୱରର ପାଗ ତୁଳନା କରନ୍ତୁ।,weather_comparison,or
પુણેમાં પવન કેટલો ઝડપી છે?,wind,gu
चेन्नई में आर्द्रता कितनी है?,humidity,hi
ਕੀ ਅੱਜ ਭੁਵਨੇਸ਼ਵਰ ਵਿੱਚ ਮੀਂਹ ਪਵੇਗਾ?,rain,pa
આજે હૈદરાબાદમાં વરસાદ પડશે?,rain,gu
How is the weather in Chennai right now?,weather_current,en
"হায়দ্রাবাদ না কলকাতা, কোনটি বেশি ঠান্ডা?",weather_comparison,bn
ਹੈਦਰਾਬਾਦ ਵਿੱਚ ਕਿੰਨੀ ਗਰਮੀ ਹੈ?,temperature,pa
ਕੀ ਕੱਲ੍ਹ ਕੋਲਕਾਤਾ ਵਿੱਚ ਮੀਂਹ ਪਵੇਗਾ?,rain,pa
How strong is the wind in Bengaluru?,wind,en
दिल्ली के लिए कोई मौसम चेतावनी है?,weather_alert,hi
ಇಂದು ಚೆನ್ನೈನಲ್ಲಿ ತೇವಾಂಶ ಎಷ್ಟು ಇರುತ್ತದೆ?,humidity,kn
ಮುಂಬೈ ಮತ್ತು ಕೊಲ್ಕತ್ತಾ ಹವಾಮಾನವನ್ನು ಹೋಲಿಸಿ.,weather_comparison,kn
ચેન્નાઈમાં સૂર્યોદય કેટલા વાગ્યે થાય છે?,sunrise_sunset,gu
ਕੱਲ੍ਹ ਪੁਣੇ ਵਿੱਚ ਮੌਸਮ ਕਿਹੋ ਜਿਹਾ ਰਹੇਗਾ?,weather_forecast,pa
কলকাতা এ কতটা আর্দ্র?,humidity,bn
"Which city is colder, Bhubaneswar or Bengaluru?",weather_comparison,en
ఈ రోజు ముంబైలో తేమ ఎంత ఉంటుంది?,humidity,te
कोलकाता मध्ये सूर्यास्त किती वाजता होतो?,sunrise_sunset,mr
দিল্লি এর বর্তমান আবহাওয়া কেমন?,weather_current,bn
आज मुंबई में नमी कितनी रहेगी?,humidity,hi
ਮੁੰਬਈ ਵਿੱਚ ਇਸ ਵੇਲੇ ਮੌਸਮ ਕਿਹੋ ਜਿਹਾ ਹੈ?,weather_current,pa
ચેન્નાઈ અને કોલકાતાના હવામાનની તુલના કરો.,weather_comparison,gu
How strong is the wind in Mumbai?,wind,en
ಮುಂಬೈನಲ್ಲಿ ಸೂರ್ಯಾಸ್ತ ಯಾವಾಗ?,sunrise_sunset,kn
हैदराबाद का मौसम पूर्वानुमान बताओ।,weather_forecast,hi
मुंबई में नमी कितनी है?,humidity,hi
Are there any weather alerts for Chennai?,weather_alert,en
भुवनेश्वर में मौसम की कोई चेतावनी है?,weather_alert,hi
ಮುಂಬೈನಲ್ಲಿ ಗಾಳಿಯ ವೇಗ ಎಷ್ಟು?,wind,kn
કાલે ચેન્નાઈમાં તાપમાન કેટલું રહેશે?,temperature,gu
પુણે અને હૈદરાબાદના હવામાનની તુલના કરો.,weather_comparison,gu
কলকাতা এর তাপমাত্রা কত?,temperature,bn
ଦିଲ୍ଲୀରେ ସୂର୍ଯ୍ୟୋଦୟ କେତେବେଳେ?,sunrise_sunset,or
हैदराबाद मध्ये आर्द्रता किती आहे?,humidity,mr
How is the weather today in Pune?,weather_current,en
चेन्नई में नमी कितनी है?,humidity,hi
কলকাতা এর বায়ুর মান কেমন?,air_quality,bn
ಪುಣೆನಲ್ಲಿ ಎಷ್ಟು ತೇವಾಂಶ ಇದೆ?,humidity,kn
ଚେନ୍ନାଇ ଏବଂ ପୁଣେର ପାଗ ତୁଳନା କରନ୍ତୁ।,weather_comparison,or
What is the weather in Delhi today?,weather_current,en
মুম্বাই এর বর্তমান আবহাওয়া কেমন?,weather_current,bn
ચેન્નાઈમાં કેટલી ગરમી છે?,temperature,gu
હૈદરાબાદમાં ભેજ કેટલો છે?,humidity,gu
ਕੋਲਕਾਤਾ ਵਿੱਚ ਕਿੰਨੀ ਨਮੀ ਹੈ?,humidity,pa
"Which is hotter, Pune or Mumbai?",weather_comparison,en
बेंगलुरु का वर्तमान मौसम बताओ।,weather_current,hi
புனே மற்றும் பெங்களூரு வானிலையை ஒப்பிடுங்கள்.,weather_comparison,ta
ಮುಂಬೈ ಹವಾಮಾನ ಮುನ್ಸೂಚನೆ ಏನು?,weather_forecast,kn
ପୁଣେରେ କୌଣସି ପାଗ ସତର୍କତା ଅଛି କି?,weather_alert,or
ପୁଣେରେ ପବନ କେତେ ଜୋରରେ ବହୁଛି?,wind,or
પુણેમાં સૂર્યાસ્ત કેટલા વાગ્યે થાય છે?,sunrise_sunset,gu
What is the weather in Hyderabad today?,weather_current,en
When is sunset in Hyderabad?,sunrise_sunset,en
या आठवड्याच्या शेवटी कोलकाता मध्ये हवामान कसे असेल?,weather_forecast,mr
কলকাতা এ বাতাস কতটা জোরে বইছে?,wind,bn
"ଭୁବନେଶ୍ୱର ନା ପୁଣେ, କେଉଁଠି ଅଧିକ ଥଣ୍ଡା?",weather_comparison,or
कोलकाता मधील सध्याचे हवामान कसे आहे?,weather_current,mr
చెన్నై వాతావరణ సూచన ఏమిటి?,weather_forecast,te
पुणे मध्ये हवामानाचा इशारा आहे का?,weather_alert,mr
புனேவில் இன்று வானிலை எப்படி இருக்கிறது?,weather_current,ta
हैदराबाद आणि भुवनेश्वर पैकी कोणते शहर थंड आहे?,weather_comparison,mr
पुणे आणि मुंबई मधील हवामानाची तुलना करा.,weather_comparison,mr
હૈદરાબાદમાં આજે હવામાન કેવું છે?,weather_current,gu
ਮੁੰਬਈ ਵਿੱਚ ਹਵਾ ਕਿੰਨੀ ਤੇਜ਼ ਹੈ?,wind,pa
What will the humidity be in Mumbai?,humidity,en
ನಾಳೆ ಭುವನೇಶ್ವರನಲ್ಲಿ ಮಳೆ ಬೀಳುತ್ತದೆಯೇ?,rain,kn
ભુવનેશ્વરનું હાલનું હવામાન કેવું છે?,weather_current,gu
कोलकाता में आज मौसम कैसा है?,weather_current,hi
டெல்லிவில் எவ்வளவு வெப்பமாக உள்ளது?,temperature,ta
আজ হায়দ্রাবাদ এর আর্দ্রতা কত থাকবে?,humidity,bn
આજે કોલકાતામાં ભેજ કેટલો રહેશે?,humidity,gu
కోల్‌కతాలో తేమ ఎంత?,humidity,te
હૈદરાબાદનું હવામાન અનુમાન શું છે?,weather_forecast,gu
How will the weather be in Kolkata this weekend?,weather_forecast,en
Is there a weather warning for Chennai?,weather_alert,en
ਪੁਣੇ ਅਤੇ ਹੈਦਰਾਬਾਦ ਵਿੱਚੋਂ ਕਿਹੜਾ ਠੰਡਾ ਹੈ?,weather_comparison,pa
How humid is it in Delhi?,humidity,en
Compare the weather in Kolkata and Pune.,weather_comparison,en
भुवनेश्वर मध्ये आर्द्रता किती आहे?,humidity,mr
ଆସନ୍ତାକାଲି କୋଲକାତାର ତାପମାତ୍ରା କେତେ ରହିବ?,temperature,or
ದೆಹಲಿಗೆ ಯಾವುದೇ ಹವಾಮಾನ ಎಚ್ಚರಿಕೆ ಇದೆಯೇ?,weather_alert,kn
કાલે દિલ્હીમાં હવામાન કેવું રહેશે?,weather_forecast,gu
ਅੱਜ ਭੁਵਨੇਸ਼ਵਰ ਵਿੱਚ ਨਮੀ ਕਿੰਨੀ ਰਹੇਗੀ?,humidity,pa
What will the humidity be in Hyderabad?,humidity,en
ভুবনেশ্বর এবং পুনে এর আবহাওয়ার তুলনা করুন।,weather_comparison,bn
What is the chance of rain in Bhubaneswar?,rain,en
હૈદરાબાદમાં કેટલી ભેજ છે?,humidity,gu
दिल्ली में आज मौसम कैसा है?,weather_current,hi
હૈદરાબાદમાં પવનની ઝડપ કેટલી છે?,wind,gu
આજે મુંબઈમાં હવામાન કેવું છે?,weather_current,gu
What will the weather be like in Bengaluru tomorrow?,weather_forecast,en
ਕੋਲਕਾਤਾ ਵਿੱਚ ਹਵਾ ਦੀ ਰਫ਼ਤਾਰ ਕਿੰਨੀ ਹੈ?,wind,pa
ਕੱਲ੍ਹ ਭੁਵਨੇਸ਼ਵਰ ਵਿੱਚ ਮੌਸਮ ਕਿਹੋ ਜਿਹਾ ਰਹੇਗਾ?,weather_forecast,pa
कल कोलकाता में तापमान कितना रहेगा?,temperature,hi
Will it rain in Kolkata today?,rain,en
சென்னைவில் காற்றின் வேகம் எவ்வளவு?,wind,ta
How cold is it in Delhi?,temperature,en
কলকাতা এর আবহাওয়ার পূর্বাভাস কী?,weather_forecast,bn
आज मुंबई मध्ये आर्द्रता किती असेल?,humidity,mr
Compare the weather in Chennai and Mumbai.,weather_comparison,en
ఈ రోజు ఢిల్లీలో వర్షం పడుతుందా?,rain,te
बेंगलुरु में नमी कितनी है?,humidity,hi
Tell me the temperature in Mumbai.,temperature,en
કાલે બેંગલુરુમાં તાપમાન કેટલું રહેશે?,temperature,gu
भुवनेश्वर में आज मौसम कैसा है?,weather_current,hi
પુણેમાં હવામાનની કોઈ ચેતવણી છે?,weather_alert,gu
આ સપ્તાહના અંતે હૈદરાબાદમાં હવામાન કેવું રહેશે?,weather_forecast,gu
ಹೈದರಾಬಾದ್ನಲ್ಲಿ ಸೂರ್ಯೋದಯ ಯಾವಾಗ?,sunrise_sunset,kn
हैदराबाद मध्ये किती दमट आहे?,humidity,mr
কলকাতা এর জন্য কোনো আবহাওয়া সতর্কতা আছে?,weather_alert,bn
What is the temperature in Bhubaneswar?,temperature,en
What is the weather forecast for Hyderabad?,weather_forecast,en
বেঙ্গালুরু এর আবহাওয়ার পূর্বাভাস কী?,weather_forecast,bn
ਦਿੱਲੀ ਵਿੱਚ ਕਿੰਨੀ ਗਰਮੀ ਹੈ?,temperature,pa
இன்று புவனேஸ்வர்வில் ஈரப்பதம் எவ்வளவு இருக்கும்?,humidity,ta
आज बेंगळुरू मध्ये पाऊस पडेल का?,rain,mr
ਕੱਲ੍ਹ ਦਿੱਲੀ ਵਿੱਚ ਮੌਸਮ ਕਿਹੋ ਜਿਹਾ ਰਹੇਗਾ?,weather_forecast,pa
આજે કોલકાતામાં હવામાન કેવું છે?,weather_current,gu
ਭੁਵਨੇਸ਼ਵਰ ਵਿੱਚ ਸੂਰਜ ਕਿੰਨੇ ਵਜੇ ਡੁੱਬਦਾ ਹੈ?,sunrise_sunset,pa
What is the weather forecast for Chennai?,weather_forecast,en
कोलकाता मध्ये वाऱ्याचा वेग किती आहे?,wind,mr
আগামীকাল বেঙ্গালুরু এর তাপমাত্রা কত থাকবে?,temperature,bn
ನಾಳೆ ಮುಂಬೈನಲ್ಲಿ ತಾಪಮಾನ ಎಷ್ಟು ಇರುತ್ತದೆ?,temperature,kn
ದೆಹಲಿನಲ್ಲಿ ಗಾಳಿಯ ವೇಗ ಎಷ್ಟು?,wind,kn
दिल्ली चे हवामान अंदाज सांगा.,weather_forecast,mr
ಮುಂಬೈನಲ್ಲಿ ತಾಪಮಾನ ಎಷ್ಟು?,temperature,kn
ভুবনেশ্বর এ কোনো আবহাওয়া সতর্কতা জারি হয়েছে?,weather_alert,bn
દિલ્હીનો AQI કેટલો છે?,air_quality,gu
আজ চেন্নাই এর আবহাওয়া কেমন?,weather_current,bn
ఈ రోజు ముంబైలో వాతావరణం ఎలా ఉంటుంది?,weather_current,te
ਕੋਲਕਾਤਾ ਦਾ AQI ਕਿੰਨਾ ਹੈ?,air_quality,pa
આજે હૈદરાબાદમાં વરસાદ પડશે?,rain,gu
পুনে এর তাপমাত্রা কত?,temperature,bn
కోల్‌కతాలో వర్షం పడే అవకాశం ఉందా?,rain,te
புவனேஸ்வர்வில் தற்போதைய வானிலை எப்படி உள்ளது?,weather_current,ta
ਹੈਦਰਾਬਾਦ ਲਈ ਕੋਈ ਮੌਸਮ ਚੇਤਾਵਨੀ ਹੈ?,weather_alert,pa
ನಾಳೆ ಬೆಂಗಳೂರುನಲ್ಲಿ ಹವಾಮಾನ ಹೇಗಿರುತ್ತದೆ?,weather_forecast,kn
पुणे में हवा की गुणवत्ता कैसी है?,air_quality,hi
ಇಂದು ಕೊಲ್ಕತ್ತಾನಲ್ಲಿ ಹವಾಮಾನ ಹೇಗಿರುತ್ತದೆ?,weather_current,kn
ଭୁବନେଶ୍ୱରରେ ପବନର ବେଗ କେତେ?,wind,or
இன்று புனேவில் வானிலை எப்படி இருக்கும்?,weather_current,ta
হায়দ্রাবাদ এ আজ আবহাওয়া কেমন?,weather_current,bn
What time is sunrise in Pune?,sunrise_sunset,en
ਬੈਂਗਲੁਰੂ ਵਿੱਚ ਸੂਰਜ ਕਿੰਨੇ ਵਜੇ ਡੁੱਬਦਾ ਹੈ?,sunrise_sunset,pa
ਦਿੱਲੀ ਅਤੇ ਚੇਨਈ ਵਿੱਚੋਂ ਕਿਹੜਾ ਠੰਡਾ ਹੈ?,weather_comparison,pa
இந்த வார இறுதியில் ஹைதராபாத்வில் வானிலை எப்படி இருக்கும்?,weather_forecast,ta
What time is sunrise in Bengaluru?,sunrise_sunset,en
ભુવનેશ્વરમાં તાપમાન કેટલું છે?,temperature,gu
હૈદરાબાદ અને પુણેમાંથી કયું વધુ ઠંડું છે?,weather_comparison,gu
டெல்லிவில் காற்றின் தரம் எப்படி உள்ளது?,air_quality,ta
இன்று ஹைதராபாத்வில் வானிலை எப்படி இருக்கும்?,weather_current,ta
দিল্লি এ সূর্যোদয় কখন?,sunrise_sunset,bn
আজ হায়দ্রাবাদ এর আর্দ্রতা কত থাকবে?,humidity,bn
ਭੁਵਨੇਸ਼ਵਰ ਵਿੱਚ ਮੀਂਹ ਦੀ ਸੰਭਾਵਨਾ ਹੈ?,rain,pa
পুনে এ সূর্যোদয় কখন?,sunrise_sunset,bn
કોલકાતામાં કેટલી ગરમી છે?,temperature,gu
ମୁମ୍ବାଇରେ ସୂର୍ଯ୍ୟାସ୍ତ କେତେବେଳେ?,sunrise_sunset,or
કાલે ભુવનેશ્વરમાં વરસાદ પડશે?,rain,gu
হায়দ্রাবাদ এ বাতাসের গতি কত?,wind,bn
भुवनेश्वर साठी हवामानाची कोणतीही चेतावणी आहे का?,weather_alert,mr
How strong is the wind in Bengaluru?,wind,en
How humid is it in Bhubaneswar?,humidity,en
કાલે પુણેમાં હવામાન કેવું રહેશે?,weather_forecast,gu
ಚೆನ್ನೈಗೆ ಯಾವುದೇ ಹವಾಮಾನ ಎಚ್ಚರಿಕೆ ಇದೆಯೇ?,weather_alert,kn
பெங்களூருக்கு வானிலை எச்சரிக்கை உள்ளதா?,weather_alert,ta
புவனேஸ்வர்வில் காற்றின் தரம் எப்படி உள்ளது?,air_quality,ta
రేపు పుణెలో వర్షం పడుతుందా?,rain,te
ਬੈਂਗਲੁਰੂ ਵਿੱਚ ਕਿੰਨੀ ਗਰਮੀ ਹੈ?,temperature,pa
আজ বেঙ্গালুরু এর আবহাওয়া কেমন?,weather_current,bn
How strong is the wind in Hyderabad?,wind,en
कोलकाता मध्ये किती उष्णता आहे?,temperature,mr
What is the chance of rain in Chennai?,rain,en
দিল্লি এ সূর্যোদয় কখন?,sunrise_sunset,bn
हैदराबाद में आज मौसम कैसा है?,weather_current,hi
ચેન્નાઈમાં કેટલી ગરમી છે?,temperature,gu
ಭುವನೇಶ್ವರನಲ್ಲಿ ತೇವಾಂಶ ಎಷ್ಟು?,humidity,kn
ଚେନ୍ନାଇର AQI କେତେ?,air_quality,or
आज बेंगळुरू मध्ये आर्द्रता किती असेल?,humidity,mr
বেঙ্গালুরু এর আবহাওয়া আমাকে বলুন।,weather_current,bn
मुंबई का वर्तमान मौसम बताओ।,weather_current,hi
புவனேஸ்வர்வில் எவ்வளவு ஈரப்பதமாக உள்ளது?,humidity,ta
আগামীকাল মুম্বাই এর তাপমাত্রা কত থাকবে?,temperature,bn
ଚେନ୍ନାଇରେ କୌଣସି ପାଗ ସତର୍କତା ଅଛି କି?,weather_alert,or
ದೆಹಲಿನಲ್ಲಿ ಎಷ್ಟು ತೇವಾಂಶ ಇದೆ?,humidity,kn
రేపు చెన్నైలో ఉష్ణోగ్రత ఎంత ఉంటుంది?,temperature,te
When is sunset in Mumbai?,sunrise_sunset,en
What weather can I expect in Pune tomorrow?,weather_forecast,en
क्या कल दिल्ली में बारिश होगी?,rain,hi
கொல்கத்தாவில் எவ்வளவு வெப்பமாக உள்ளது?,temperature,ta
बेंगळुरू मध्ये किती उष्णता आहे?,temperature,mr
Give me the weather forecast for Bengaluru.,weather_forecast,en
আজ ভুবনেশ্বর এর আর্দ্রতা কত থাকবে?,humidity,bn
చెన్నై మరియు బెంగళూరు వాతావరణాన్ని పోల్చండి.,weather_comparison,te
ਦਿੱਲੀ ਦਾ AQI ਕਿੰਨਾ ਹੈ?,air_quality,pa
পুনে এর আবহাওয়ার পূর্বাভাস কী?,weather_forecast,bn
What is the chance of rain in Hyderabad?,rain,en
ਬੈਂਗਲੁਰੂ ਵਿੱਚ ਸੂਰਜ ਕਿੰਨੇ ਵਜੇ ਚੜ੍ਹਦਾ ਹੈ?,sunrise_sunset,pa
ఢిల్లీకి వాతావరణ హెచ్చరికలు ఏమైనా ఉన్నాయా?,weather_alert,te
How is the weather in Hyderabad right now?,weather_current,en
ఢిల్లీలో సూర్యాస్తమయం ఎప్పుడు?,sunrise_sunset,te
ਭੁਵਨੇਸ਼ਵਰ ਵਿੱਚ ਕਿੰਨੀ ਨਮੀ ਹੈ?,humidity,pa
हैदराबाद मध्ये हवेची गुणवत्ता कशी आहे?,air_quality,mr
How is the weather today in Hyderabad?,weather_current,en
আজ চেন্নাই এর আর্দ্রতা কত থাকবে?,humidity,bn
ਕੀ ਕੱਲ੍ਹ ਬੈਂਗਲੁਰੂ ਵਿੱਚ ਮੀਂਹ ਪਵੇਗਾ?,rain,pa
What is the temperature in Pune?,temperature,en
ਕੀ ਕੱਲ੍ਹ ਕੋਲਕਾਤਾ ਵਿੱਚ ਮੀਂਹ ਪਵੇਗਾ?,rain,pa
भुवनेश्वर मध्ये वाऱ्याचा वेग किती आहे?,wind,mr
মুম্বাই এ বৃষ্টির সম্ভাবনা আছে কি?,rain,bn
Tell me the temperature in Bengaluru.,temperature,en
আগামীকাল পুনে এর আবহাওয়া কেমন থাকবে?,weather_forecast,bn
மும்பை மற்றும் டெல்லி வானிலையை ஒப்பிடுங்கள்.,weather_comparison,ta
చెన్నైలో గాలి వేగం ఎంత?,wind,te
రేపు కోల్‌కతాలో వాతావరణం ఎలా ఉంటుంది?,weather_forecast,te
ਮੁੰਬਈ ਦਾ ਮੌਸਮ ਪੂਰਵ ਅਨੁਮਾਨ ਕੀ ਹੈ?,weather_forecast,pa
बेंगलुरु और हैदराबाद के मौसम की तुलना करो।,weather_comparison,hi
"ಹೈದರಾಬಾದ್ ಅಥವಾ ದೆಹಲಿ, ಯಾವುದು ಹೆಚ್ಚು ತಂಪಾಗಿದೆ?",weather_comparison,kn
ਮੁੰਬਈ ਵਿੱਚ ਸੂਰਜ ਕਿੰਨੇ ਵਜੇ ਚੜ੍ਹਦਾ ਹੈ?,sunrise_sunset,pa
ਮੁੰਬਈ ਵਿੱਚ ਹਵਾ ਦੀ ਰਫ਼ਤਾਰ ਕਿੰਨੀ ਹੈ?,wind,pa
ભુવનેશ્વર અને બેંગલુરુમાંથી કયું વધુ ઠંડું છે?,weather_comparison,gu
दिल्ली में हवा कितनी तेज है?,wind,hi
दिल्ली का वर्तमान मौसम बताओ।,weather_current,hi
ଦିଲ୍ଲୀରେ ସୂର୍ଯ୍ୟାସ୍ତ କେତେବେଳେ?,sunrise_sunset,or
कोलकाता का AQI कितना है?,air_quality,hi
ਹੈਦਰਾਬਾਦ ਵਿੱਚ ਹਵਾ ਦੀ ਗੁਣਵੱਤਾ ਕਿਹੋ ਜਿਹੀ ਹੈ?,air_quality,pa
बेंगळुरू मध्ये सूर्योदय किती वाजता होतो?,sunrise_sunset,mr
"Which city is colder, Bhubaneswar or Bengaluru?",weather_comparison,en
ମୁମ୍ବାଇରେ କେତେ ଗରମ ଅଛି?,temperature,or
भुवनेश्वर मध्ये पावसाची शक्यता आहे का?,rain,mr
When is sunset in Bhubaneswar?,sunrise_sunset,en
இன்று பெங்களூருவில் மழை பெய்யுமா?,rain,ta
ಇಂದು ಬೆಂಗಳೂರುನಲ್ಲಿ ಮಳೆ ಬೀಳುತ್ತದೆಯೇ?,rain,kn
ବେଙ୍ଗାଲୁରୁର ପାଗ ବିଷୟରେ କୁହନ୍ତୁ।,weather_current,or
આજે ચેન્નાઈમાં વરસાદ પડશે?,rain,gu
आज बेंगलुरु में नमी कितनी रहेगी?,humidity,hi
कोलकाता में मौसम की कोई चेतावनी है?,weather_alert,hi
ଭୁବନେଶ୍ୱରରେ ଆର୍ଦ୍ରତା କେତେ?,humidity,or
ଏହି ସପ୍ତାହ ଶେଷରେ କୋଲକାତାର ପାଗ କେମିତି ରହିବ?,weather_forecast,or
मुंबई मध्ये आर्द्रता किती आहे?,humidity,mr
How will the weather be in Pune this weekend?,weather_forecast,en
ਕੋਲਕਾਤਾ ਅਤੇ ਬੈਂਗਲੁਰੂ ਵਿੱਚੋਂ ਕਿਹੜਾ ਠੰਡਾ ਹੈ?,weather_comparison,pa
ಭುವನೇಶ್ವರನಲ್ಲಿ ಸೂರ್ಯಾಸ್ತ ಯಾವಾಗ?,sunrise_sunset,kn
দিল্লি এর বায়ুর মান কেমন?,air_quality,bn
हैदराबाद चे हवामान अंदाज सांगा.,weather_forecast,mr
ਮੁੰਬਈ ਵਿੱਚ ਸੂਰਜ ਕਿੰਨੇ ਵਜੇ ਚੜ੍ਹਦਾ ਹੈ?,sunrise_sunset,pa
ବେଙ୍ଗାଲୁରୁରେ ବର୍ଷା ହେବାର ସମ୍ଭାବନା ଅଛି କି?,rain,or
Tell me the temperature in Pune.,temperature,en
पुणे में मौसम की कोई चेतावनी है?,weather_alert,hi
पुणे में सूर्यास्त कितने बजे होगा?,sunrise_sunset,hi
আগামীকাল পুনে এর তাপমাত্রা কত থাকবে?,temperature,bn
ਦਿੱਲੀ ਦਾ AQI ਕਿੰਨਾ ਹੈ?,air_quality,pa
बेंगलुरु और हैदराबाद के मौसम की तुलना करो।,weather_comparison,hi
କୋଲକାତାରେ ତାପମାତ୍ରା କେତେ?,temperature,or
पुणे मध्ये किती दमट आहे?,humidity,mr
ਕੱਲ੍ਹ ਕੋਲਕਾਤਾ ਵਿੱਚ ਮੌਸਮ ਕਿਹੋ ਜਿਹਾ ਰਹੇਗਾ?,weather_forecast,pa
ਚੇਨਈ ਵਿੱਚ ਸੂਰਜ ਕਿੰਨੇ ਵਜੇ ਚੜ੍ਹਦਾ ਹੈ?,sunrise_sunset,pa
আজ দিল্লি এর আর্দ্রতা কত থাকবে?,humidity,bn
उद्या पुणे मध्ये तापमान किती असेल?,temperature,mr
What is the temperature in Chennai?,temperature,en
கொல்கத்தாவில் சூரிய உதயம் எப்போது?,sunrise_sunset,ta
હૈદરાબાદમાં તાપમાન કેટલું છે?,temperature,gu
आज मुंबई मध्ये पाऊस पडेल का?,rain,mr
આ સપ્તાહના અંતે હૈદરાબાદમાં હવામાન કેવું રહેશે?,weather_forecast,gu
Is there a weather warning for Delhi?,weather_alert,en
ਕੋਲਕਾਤਾ ਵਿੱਚ ਅੱਜ ਮੌਸਮ ਕਿਹੋ ਜਿਹਾ ਹੈ?,weather_current,pa
চেন্নাই এর জন্য কোনো আবহাওয়া সতর্কতা আছে?,weather_alert,bn
"மும்பை அல்லது சென்னை, எது குளிராக உள்ளது?",weather_comparison,ta
நாளை புவனேஸ்வர்வில் வானிலை எப்படி இருக்கும்?,weather_forecast,ta
Is there a weather warning for Bengaluru?,weather_alert,en
પુણેમાં હવાની ગુણવત્તા કેવી છે?,air_quality,gu
ಕೊಲ್ಕತ್ತಾನಲ್ಲಿ ಮಳೆಯ ಸಾಧ್ಯತೆ ಇದೆಯೇ?,rain,kn
ಪುಣೆನ AQI ಎಷ್ಟು?,air_quality,kn
ಚೆನ್ನೈನಲ್ಲಿ ಎಷ್ಟು ತೇವಾಂಶ ಇದೆ?,humidity,kn
કાલે દિલ્હીમાં તાપમાન કેટલું રહેશે?,temperature,gu
কলকাতা এর AQI কত?,air_quality,bn
চেন্নাই এর আবহাওয়া আমাকে বলুন।,weather_current,bn
How cold is it in Mumbai?,temperature,en
ಪುಣೆನಲ್ಲಿ ತೇವಾಂಶ ಎಷ್ಟು?,humidity,kn
ଭୁବନେଶ୍ୱରରେ ଆଜି ପାଗ କେମିତି ଅଛି?,weather_current,or
కోల్‌కతాలో ఈ రోజు వాతావరణం ఎలా ఉంది?,weather_current,te
बेंगलुरु में आज मौसम कैसा है?,weather_current,hi
કોલકાતામાં કેટલી ગરમી છે?,temperature,gu
How windy is it in Delhi?,wind,en
"சென்னை அல்லது டெல்லி, எது குளிராக உள்ளது?",weather_comparison,ta
ચેન્નાઈમાં તાપમાન કેટલું છે?,temperature,gu
"భువనేశ్వర్ లేదా కోల్‌కతా, ఏది చల్లగా ఉంది?",weather_comparison,te
ಚೆನ್ನೈ ಮತ್ತು ಮುಂಬೈ ಹವಾಮಾನವನ್ನು ಹೋಲಿಸಿ.,weather_comparison,kn
ನಾಳೆ ಪುಣೆನಲ್ಲಿ ಮಳೆ ಬೀಳುತ್ತದೆಯೇ?,rain,kn
இன்று கொல்கத்தாவில் வானிலை எப்படி இருக்கும்?,weather_current,ta
చెన్నైలో ఉష్ణోగ్రత ఎంత?,temperature,te
আজ দিল্লি এর আবহাওয়া কেমন?,weather_current,bn
What is the weather forecast for Kolkata?,weather_forecast,en
ನಾಳೆ ಪುಣೆನಲ್ಲಿ ಹವಾಮಾನ ಹೇಗಿರುತ್ತದೆ?,weather_forecast,kn
ఈ వారాంతంలో కోల్‌కతాలో వాతావరణం ఎలా ఉంటుంది?,weather_forecast,te
आज पुणे मध्ये पाऊस पडेल का?,rain,mr
भुवनेश्वर साठी हवामानाची कोणतीही चेतावणी आहे का?,weather_alert,mr
કાલે હૈદરાબાદમાં તાપમાન કેટલું રહેશે?,temperature,gu
કોલકાતામાં કેટલી ભેજ છે?,humidity,gu
ਭੁਵਨੇਸ਼ਵਰ ਦਾ AQI ਕਿੰਨਾ ਹੈ?,air_quality,pa
দিল্লি এ বৃষ্টির সম্ভাবনা আছে কি?,rain,bn
ଆସନ୍ତାକାଲି ଭୁବନେଶ୍ୱରରେ ପାଗ କେମିତି ରହିବ?,weather_forecast,or
कल कोलकाता में मौसम कैसा रहेगा?,weather_forecast,hi
ହାଇଦ୍ରାବାଦର ପାଗ ପୂର୍ବାନୁମାନ କଣ?,weather_forecast,or
बेंगलुरु में सूर्यास्त कितने बजे होगा?,sunrise_sunset,hi
బెంగళూరులో గాలి నాణ్యత ఎలా ఉంది?,air_quality,te
भुवनेश्वर में सूर्यास्त कितने बजे होगा?,sunrise_sunset,hi
বেঙ্গালুরু এর বায়ুর মান কেমন?,air_quality,bn
পুনে এর বায়ুর মান কেমন?,air_quality,bn
How windy is it in Pune?,wind,en
বেঙ্গালুরু এর AQI কত?,air_quality,bn
ముంబైలో సూర్యాస్తమయం ఎప్పుడు?,sunrise_sunset,te
कोलकाता आणि पुणे मधील हवामानाची तुलना करा.,weather_comparison,mr
పుణె వాతావరణ సూచన ఏమిటి?,weather_forecast,te
କୋଲକାତାରେ ପବନର ବେଗ କେତେ?,wind,or
இந்த வார இறுதியில் டெல்லிவில் வானிலை எப்படி இருக்கும்?,weather_forecast,ta
আজ পুনে এর আবহাওয়া কেমন?,weather_current,bn
আজ পুনে এর আর্দ্রতা কত থাকবে?,humidity,bn
ಪುಣೆ ಹವಾಮಾನ ಮುನ್ಸೂಚನೆ ಏನು?,weather_forecast,kn
ఈ వారాంతంలో ముంబైలో వాతావరణం ఎలా ఉంటుంది?,weather_forecast,te
"বেঙ্গালুরু না দিল্লি, কোনটি বেশি ঠান্ডা?",weather_comparison,bn
ମୁମ୍ବାଇରେ ଆର୍ଦ୍ରତା କେତେ?,humidity,or
ଆଜି ଚେନ୍ନାଇର ପାଗ କେମିତି?,weather_current,or
आज बेंगळुरू चे हवामान कसे आहे?,weather_current,mr
ನಾಳೆ ಕೊಲ್ಕತ್ತಾನಲ್ಲಿ ತಾಪಮಾನ ಎಷ್ಟು ಇರುತ್ತದೆ?,temperature,kn
या आठवड्याच्या शेवटी हैदराबाद मध्ये हवामान कसे असेल?,weather_forecast,mr
ହାଇଦ୍ରାବାଦରେ ତାପମାତ୍ରା କେତେ?,temperature,or
চেন্নাই এ কোনো আবহাওয়া সতর্কতা জারি হয়েছে?,weather_alert,bn
ஹைதராபாத் மற்றும் டெல்லி வானிலையை ஒப்பிடுங்கள்.,weather_comparison,ta
भुवनेश्वर में सूर्योदय कितने बजे होगा?,sunrise_sunset,hi
டெல்லிவில் இன்று வானிலை எப்படி இருக்கிறது?,weather_current,ta
આજે ચેન્નાઈમાં ભેજ કેટલો રહેશે?,humidity,gu
"ముంబై లేదా పుణె, ఏది చల్లగా ఉంది?",weather_comparison,te
ମୁମ୍ବାଇରେ ସୂର୍ଯ୍ୟୋଦୟ କେତେବେଳେ?,sunrise_sunset,or
"బెంగళూరు లేదా పుణె, ఏది చల్లగా ఉంది?",weather_comparison,te
బెంగళూరులో గాలి వేగం ఎంత?,wind,te
"ହାଇଦ୍ରାବାଦ ନା ଚେନ୍ନାଇ, କେଉଁଠି ଅଧିକ ଥଣ୍ଡା?",weather_comparison,or
ਚੇਨਈ ਵਿੱਚ ਮੀਂਹ ਦੀ ਸੰਭਾਵਨਾ ਹੈ?,rain,pa
ચેન્નાઈમાં ભેજ કેટલો છે?,humidity,gu
హైదరాబాద్లో సూర్యాస్తమయం ఎప్పుడు?,sunrise_sunset,te
उद्या पुणे मध्ये तापमान किती असेल?,temperature,mr
पुणे का वर्तमान मौसम बताओ।,weather_current,hi
ਪੁਣੇ ਵਿੱਚ ਹਵਾ ਕਿੰਨੀ ਤੇਜ਼ ਹੈ?,wind,pa
कल पुणे में तापमान कितना रहेगा?,temperature,hi
ਪੁਣੇ ਵਿੱਚ ਸੂਰਜ ਕਿੰਨੇ ਵਜੇ ਡੁੱਬਦਾ ਹੈ?,sunrise_sunset,pa
బెంగళూరులో సూర్యాస్తమయం ఎప్పుడు?,sunrise_sunset,te
இன்று புவனேஸ்வர்வில் மழை பெய்யுமா?,rain,ta
హైదరాబాద్కి వాతావరణ హెచ్చరికలు ఏమైనా ఉన్నాయా?,weather_alert,te
What is the wind speed in Mumbai?,wind,en
ஹைதராபாத்வில் மழைக்கு வாய்ப்பு உள்ளதா?,rain,ta
ଭୁବନେଶ୍ୱର ପାଇଁ କୌଣସି ପାଣିପାଗ ସତର୍କତା ଅଛି କି?,weather_alert,or
How is the air quality in Chennai?,air_quality,en
दिल्ली के लिए कोई मौसम चेतावनी है?,weather_alert,hi
হায়দ্রাবাদ এর আর্দ্রতা কত?,humidity,bn
हैदराबाद आणि दिल्ली मधील हवामानाची तुलना करा.,weather_comparison,mr
કાલે મુંબઈમાં વરસાદ પડશે?,rain,gu
ପୁଣେରେ କେତେ ଗରମ ଅଛି?,temperature,or
ଦିଲ୍ଲୀରେ ଆଜି ପାଗ କେମିତି ଅଛି?,weather_current,or
ಚೆನ್ನೈನಲ್ಲಿ ಸೂರ್ಯೋದಯ ಯಾವಾಗ?,sunrise_sunset,kn
What is the weather forecast for Delhi?,weather_forecast,en
बेंगलुरु में कितनी गर्मी है?,temperature,hi
இன்று பெங்களூருவில் ஈரப்பதம் எவ்வளவு இருக்கும்?,humidity,ta
భువనేశ్వర్లో ఈ రోజు వాతావరణం ఎలా ఉంది?,weather_current,te
How is the weather today in Kolkata?,weather_current,en
ಕೊಲ್ಕತ್ತಾನಲ್ಲಿ ಹವಾಮಾನ ಎಚ್ಚರಿಕೆ ಇದೆಯೇ?,weather_alert,kn
ਹੈਦਰਾਬਾਦ ਦਾ AQI ਕਿੰਨਾ ਹੈ?,air_quality,pa
ದೆಹಲಿನಲ್ಲಿ ಸೂರ್ಯಾಸ್ತ ಯಾವಾಗ?,sunrise_sunset,kn
ಚೆನ್ನೈನಲ್ಲಿ ಗಾಳಿಯ ಗುಣಮಟ್ಟ ಹೇಗಿದೆ?,air_quality,kn
புனேவில் ஈரப்பதம் எவ்வளவு?,humidity,ta
दिल्ली में बारिश की संभावना है?,rain,hi
இன்று புனேவில் மழை பெய்யுமா?,rain,ta
இன்று சென்னைவில் வானிலை எப்படி இருக்கும்?,weather_current,ta
ದೆಹಲಿನ AQI ಎಷ್ಟು?,air_quality,kn
कल भुवनेश्वर में मौसम कैसा रहेगा?,weather_forecast,hi
ಈ ವಾರಾಂತ್ಯದಲ್ಲಿ ಮುಂಬೈನಲ್ಲಿ ಹವಾಮಾನ ಹೇಗಿರುತ್ತದೆ?,weather_forecast,kn
આજે બેંગલુરુમાં હવામાન કેવું છે?,weather_current,gu
ఈ రోజు భువనేశ్వర్లో తేమ ఎంత ఉంటుంది?,humidity,te
ଭୁବନେଶ୍ୱର ପାଇଁ କୌଣସି ପାଣିପାଗ ସତର୍କତା ଅଛି କି?,weather_alert,or
ଭୁବନେଶ୍ୱରରେ କେତେ ଗରମ ଅଛି?,temperature,or
இன்று மும்பைவில் வானிலை எப்படி இருக்கும்?,weather_current,ta
বেঙ্গালুরু এ আজ আবহাওয়া কেমন?,weather_current,bn
சென்னைக்கு வானிலை எச்சரிக்கை உள்ளதா?,weather_alert,ta
ಬೆಂಗಳೂರುನ AQI ಎಷ್ಟು?,air_quality,kn
চেন্নাই এ কতটা আর্দ্র?,humidity,bn
ଆଜି ପୁଣେରେ ବର୍ଷା ହେବ କି?,rain,or
ଦିଲ୍ଲୀର AQI କେତେ?,air_quality,or
ਭੁਵਨੇਸ਼ਵਰ ਵਿੱਚ ਹਵਾ ਦੀ ਰਫ਼ਤਾਰ ਕਿੰਨੀ ਹੈ?,wind,pa
कल मुंबई में मौसम कैसा रहेगा?,weather_forecast,hi
ପୁଣେରେ କେତେ ଆର୍ଦ୍ରତା ଅଛି?,humidity,or
ਭੁਵਨੇਸ਼ਵਰ ਵਿੱਚ ਅੱਜ ਮੌਸਮ ਕਿਹੋ ਜਿਹਾ ਹੈ?,weather_current,pa
What time does the sun rise in Pune?,sunrise_sunset,en
நாளை புனேவில் மழை பெய்யுமா?,rain,ta
ଆଜି ଦିଲ୍ଲୀର ପାଗ କେମିତି?,weather_current,or
मुंबई में अभी मौसम कैसा है?,weather_current,hi
ਚੇਨਈ ਵਿੱਚ ਅੱਜ ਮੌਸਮ ਕਿਹੋ ਜਿਹਾ ਹੈ?,weather_current,pa
पुणे में आर्द्रता कितनी है?,humidity,hi
बेंगळुरू मध्ये सूर्यास्त किती वाजता होतो?,sunrise_sunset,mr
मुंबई में आज मौसम कैसा है?,weather_current,hi
ఈ రోజు హైదరాబాద్లో తేమ ఎంత ఉంటుంది?,humidity,te
ಹೈದರಾಬಾದ್ನಲ್ಲಿ ಗಾಳಿಯ ವೇಗ ಎಷ್ಟು?,wind,kn
হায়দ্রাবাদ এ কতটা আর্দ্র?,humidity,bn
ਦਿੱਲੀ ਵਿੱਚ ਹਵਾ ਦੀ ਰਫ਼ਤਾਰ ਕਿੰਨੀ ਹੈ?,wind,pa
हैदराबाद चे हवामान अंदाज सांगा.,weather_forecast,mr
How is the weather in Delhi right now?,weather_current,en
पुणे साठी हवामानाची कोणतीही चेतावणी आहे का?,weather_alert,mr
ਕੀ ਅੱਜ ਮੁੰਬਈ ਵਿੱਚ ਮੀਂਹ ਪਵੇਗਾ?,rain,pa
ಪುಣೆನಲ್ಲಿ ಪ್ರಸ್ತುತ ಹವಾಮಾನ ಹೇಗಿದೆ?,weather_current,kn
পুনে এবং দিল্লি এর আবহাওয়ার তুলনা করুন।,weather_comparison,bn
கொல்கத்தாவில் மழைக்கு வாய்ப்பு உள்ளதா?,rain,ta
દિલ્હીમાં સૂર્યોદય કેટલા વાગ્યે થાય છે?,sunrise_sunset,gu
ಪುಣೆಗೆ ಯಾವುದೇ ಹವಾಮಾನ ಎಚ್ಚರಿಕೆ ಇದೆಯೇ?,weather_alert,kn
How cold is it in Mumbai?,temperature,en
Is rain expected in Delhi?,rain,en
आज मुंबई मध्ये पाऊस पडेल का?,rain,mr
மும்பைவில் காற்றின் வேகம் எவ்வளவு?,wind,ta
আজ কলকাতা এর আর্দ্রতা কত থাকবে?,humidity,bn
ఈ రోజు పుణెలో వాతావరణం ఎలా ఉంటుంది?,weather_current,te
आज मुंबई मध्ये पाऊस पडेल का?,rain,mr
ಬೆಂಗಳೂರುನಲ್ಲಿ ಮಳೆಯ ಸಾಧ್ಯತೆ ಇದೆಯೇ?,rain,kn
ਪੁਣੇ ਵਿੱਚ ਤਾਪਮਾਨ ਕਿੰਨਾ ਹੈ?,temperature,pa
How humid is it in Bhubaneswar?,humidity,en
આ સપ્તાહના અંતે પુણેમાં હવામાન કેવું રહેશે?,weather_forecast,gu
कल कोलकाता में तापमान कितना रहेगा?,temperature,hi
ਦਿੱਲੀ ਵਿੱਚ ਸੂਰਜ ਕਿੰਨੇ ਵਜੇ ਡੁੱਬਦਾ ਹੈ?,sunrise_sunset,pa
ଚେନ୍ନାଇର AQI କେତେ?,air_quality,or
पुणे आणि भुवनेश्वर पैकी कोणते शहर थंड आहे?,weather_comparison,mr
મુંબઈમાં કેટલી ગરમી છે?,temperature,gu
પુણેમાં પવનની ઝડપ કેટલી છે?,wind,gu
ஹைதராபாத்வில் சூரிய உதயம் எப்போது?,sunrise_sunset,ta
ਅੱਜ ਕੋਲਕਾਤਾ ਦਾ ਮੌਸਮ ਕਿਹੋ ਜਿਹਾ ਹੈ?,weather_current,pa
हैदराबाद में सूर्योदय कितने बजे होगा?,sunrise_sunset,hi
बेंगलुरु का मौसम पूर्वानुमान बताओ।,weather_forecast,hi
ದೆಹಲಿನಲ್ಲಿ ಪ್ರಸ್ತುತ ಹವಾಮಾನ ಹೇಗಿದೆ?,weather_current,kn
ఢిల్లీలో గాలి వేగం ఎంత?,wind,te
చెన్నైలో తేమ ఎంత?,humidity,te
ଦିଲ୍ଲୀର AQI କେତେ?,air_quality,or
"Which is hotter, Bhubaneswar or Delhi?",weather_comparison,en
चेन्नई में मौसम की कोई चेतावनी है?,weather_alert,hi
ଦିଲ୍ଲୀର AQI କେତେ?,air_quality,or
ભુવનેશ્વરમાં હવામાનની કોઈ ચેતવણી છે?,weather_alert,gu
આજે દિલ્હીમાં વરસાદ પડશે?,rain,gu
ଭୁବନେଶ୍ୱରର AQI କେତେ?,air_quality,or
કાલે હૈદરાબાદમાં વરસાદ પડશે?,rain,gu
बेंगलुरु में हवा की गति कितनी है?,wind,hi
ಹೈದರಾಬಾದ್ನಲ್ಲಿ ಮಳೆಯ ಸಾಧ್ಯತೆ ಇದೆಯೇ?,rain,kn
या आठवड्याच्या शेवटी दिल्ली मध्ये हवामान कसे असेल?,weather_forecast,mr
ਦਿੱਲੀ ਵਿੱਚ ਨਮੀ ਕਿੰਨੀ ਹੈ?,humidity,pa
How will the weather be in Hyderabad this weekend?,weather_forecast,en
બેંગલુરુ અને પુણેમાંથી કયું વધુ ઠંડું છે?,weather_comparison,gu
मुंबई और पुणे के मौसम की तुलना करो।,weather_comparison,hi
ದೆಹಲಿ ಹವಾಮಾನ ಮುನ್ಸೂಚನೆ ಏನು?,weather_forecast,kn
আগামীকাল কি হায়দ্রাবাদ এ বৃষ্টি হবে?,rain,bn
ఈ రోజు చెన్నైలో తేమ ఎంత ఉంటుంది?,humidity,te
"ভুবনেশ্বর না চেন্নাই, কোনটি বেশি ঠান্ডা?",weather_comparison,bn
ਕੋਲਕਾਤਾ ਵਿੱਚ ਹਵਾ ਕਿੰਨੀ ਤੇਜ਼ ਹੈ?,wind,pa
"ଚେନ୍ନାଇ ନା ବେଙ୍ଗାଲୁରୁ, କେଉଁଠି ଅଧିକ ଥଣ୍ଡା?",weather_comparison,or
ਹੈਦਰਾਬਾਦ ਵਿੱਚ ਇਸ ਵੇਲੇ ਮੌਸਮ ਕਿਹੋ ਜਿਹਾ ਹੈ?,weather_current,pa
ଚେନ୍ନାଇରେ ଆର୍ଦ୍ରତା କେତେ?,humidity,or
चेन्नई चा AQI किती आहे?,air_quality,mr
ଆସନ୍ତାକାଲି ଚେନ୍ନାଇର ତାପମାତ୍ରା କେତେ ରହିବ?,temperature,or
ಚೆನ್ನೈನಲ್ಲಿ ತೇವಾಂಶ ಎಷ್ಟು?,humidity,kn
పుణెలో గాలి వేగం ఎంత?,wind,te
What will the weather be like in Bengaluru tomorrow?,weather_forecast,en
পুনে এ সূর্যাস্ত কখন?,sunrise_sunset,bn
ભુવનેશ્વરમાં ભેજ કેટલો છે?,humidity,gu
ਦਿੱਲੀ ਅਤੇ ਪੁਣੇ ਦੇ ਮੌਸਮ ਦੀ ਤੁਲਨਾ ਕਰੋ।,weather_comparison,pa
"ಪುಣೆ ಅಥವಾ ಹೈದರಾಬಾದ್, ಯಾವುದು ಹೆಚ್ಚು ತಂಪಾಗಿದೆ?",weather_comparison,kn
நாளை டெல்லிவில் வெப்பநிலை எவ்வளவு இருக்கும்?,temperature,ta
What is the humidity in Bhubaneswar?,humidity,en
రేపు కోల్‌కతాలో వర్షం పడుతుందా?,rain,te
ਹੈਦਰਾਬਾਦ ਵਿੱਚ ਇਸ ਵੇਲੇ ਮੌਸਮ ਕਿਹੋ ਜਿਹਾ ਹੈ?,weather_current,pa
இன்று பெங்களூருவில் ஈரப்பதம் எவ்வளவு இருக்கும்?,humidity,ta
আজ হায়দ্রাবাদ এর আর্দ্রতা কত থাকবে?,humidity,bn
आज बेंगलुरु में मौसम कैसा रहेगा?,weather_current,hi
Is there a chance of rain in Hyderabad?,rain,en
What is the humidity in Bhubaneswar?,humidity,en
Will it rain in Bhubaneswar today?,rain,en
આજે મુંબઈમાં ભેજ કેટલો રહેશે?,humidity,gu
ବେଙ୍ଗାଲୁରୁରେ ସୂର୍ଯ୍ୟୋଦୟ କେତେବେଳେ?,sunrise_sunset,or
मुंबई का AQI कितना है?,air_quality,hi
ਭੁਵਨੇਸ਼ਵਰ ਵਿੱਚ ਸੂਰਜ ਕਿੰਨੇ ਵਜੇ ਚੜ੍ਹਦਾ ਹੈ?,sunrise_sunset,pa
ଭୁବନେଶ୍ୱରରେ ବାୟୁର ଗୁଣବତ୍ତା କେମିତି?,air_quality,or
Are there any weather alerts for Mumbai?,weather_alert,en
Are there any severe weather warnings in Delhi?,weather_alert,en
"ମୁମ୍ବାଇ ନା ଦିଲ୍ଲୀ, କେଉଁଠି ଅଧିକ ଥଣ୍ଡା?",weather_comparison,or
Is there a chance of rain in Pune?,rain,en
આજે હૈદરાબાદમાં હવામાન કેવું છે?,weather_current,gu
ଚେନ୍ନାଇର AQI କେତେ?,air_quality,or
ಕೊಲ್ಕತ್ತಾನಲ್ಲಿ ಹವಾಮಾನ ಎಚ್ಚರಿಕೆ ಇದೆಯೇ?,weather_alert,kn
ବେଙ୍ଗାଲୁରୁର ପାଗ ବିଷୟରେ କୁହନ୍ତୁ।,weather_current,or
"டெல்லி அல்லது புவனேஸ்வர், எது குளிராக உள்ளது?",weather_comparison,ta
ਪੁਣੇ ਵਿੱਚ ਕਿੰਨੀ ਗਰਮੀ ਹੈ?,temperature,pa
கொல்கத்தா வானிலை முன்னறிவிப்பு என்ன?,weather_forecast,ta
ఈ రోజు భువనేశ్వర్లో వర్షం పడుతుందా?,rain,te
મુંબઈમાં પવન કેટલો ઝડપી છે?,wind,gu
How is the weather today in Bengaluru?,weather_current,en
ਚੇਨਈ ਦਾ AQI ਕਿੰਨਾ ਹੈ?,air_quality,pa
કાલે ભુવનેશ્વરમાં તાપમાન કેટલું રહેશે?,temperature,gu
ବେଙ୍ଗାଲୁରୁରେ ପବନ କେତେ ଜୋରରେ ବହୁଛି?,wind,or
Will it rain tomorrow in Hyderabad?,rain,en
ಭುವನೇಶ್ವರಗೆ ಯಾವುದೇ ಹವಾಮಾನ ಎಚ್ಚರಿಕೆ ಇದೆಯೇ?,weather_alert,kn
What is the AQI in Chennai?,air_quality,en
आज चेन्नई चे हवामान कसे आहे?,weather_current,mr
ଆସନ୍ତାକାଲି ଭୁବନେଶ୍ୱରର ତାପମାତ୍ରା କେତେ ରହିବ?,temperature,or
Compare the weather in Kolkata and Pune.,weather_comparison,en
What is the weather forecast for Bengaluru?,weather_forecast,en
ನಾಳೆ ಹೈದರಾಬಾದ್ನಲ್ಲಿ ತಾಪಮಾನ ಎಷ್ಟು ಇರುತ್ತದೆ?,temperature,kn
Is there a chance of rain in Mumbai?,rain,en
चेन्नई मध्ये सूर्योदय किती वाजता होतो?,sunrise_sunset,mr
புனேவில் காற்றின் வேகம் எவ்வளவு?,wind,ta
What is the humidity in Mumbai?,humidity,en
दिल्ली में मौसम की कोई चेतावनी है?,weather_alert,hi
ஹைதராபாத் வானிலை முன்னறிவிப்பு என்ன?,weather_forecast,ta
दिल्ली चे हवामान अंदाज सांगा.,weather_forecast,mr
ಇಂದು ಕೊಲ್ಕತ್ತಾನಲ್ಲಿ ತೇವಾಂಶ ಎಷ್ಟು ಇರುತ್ತದೆ?,humidity,kn
ଏହି ସପ୍ତାହ ଶେଷରେ ମୁମ୍ବାଇର ପାଗ କେମିତି ରହିବ?,weather_forecast,or
ପୁଣେରେ ସୂର୍ଯ୍ୟୋଦୟ କେତେବେଳେ?,sunrise_sunset,or
Give me the weather forecast for Bengaluru.,weather_forecast,en
पुणे में अभी मौसम कैसा है?,weather_current,hi
How humid is it in Hyderabad?,humidity,en
হায়দ্রাবাদ এ বাতাস কতটা জোরে বইছে?,wind,bn
ଆସନ୍ତାକାଲି ପୁଣେର ତାପମାତ୍ରା କେତେ ରହିବ?,temperature,or
ನಾಳೆ ಮುಂಬೈನಲ್ಲಿ ಹವಾಮಾನ ಹೇಗಿರುತ್ತದೆ?,weather_forecast,kn
आज कोलकाता मध्ये आर्द्रता किती असेल?,humidity,mr
భువనేశ్వర్కి వాతావరణ హెచ్చరికలు ఏమైనా ఉన్నాయా?,weather_alert,te
పుణెలో సూర్యాస్తమయం ఎప్పుడు?,sunrise_sunset,te
ದೆಹಲಿನಲ್ಲಿ ಇಂದು ಹವಾಮಾನ ಹೇಗಿದೆ?,weather_current,kn
Give me the weather forecast for Pune.,weather_forecast,en
ಇಂದು ಭುವನೇಶ್ವರನಲ್ಲಿ ಮಳೆ ಬೀಳುತ್ತದೆಯೇ?,rain,kn
పుణెలో ఈ రోజు వాతావరణం ఎలా ఉంది?,weather_current,te
ਬੈਂਗਲੁਰੂ ਦਾ AQI ਕਿੰਨਾ ਹੈ?,air_quality,pa
આજે હૈદરાબાદમાં ભેજ કેટલો રહેશે?,humidity,gu
ଆଜି ବେଙ୍ଗାଲୁରୁରେ ବର୍ଷା ହେବ କି?,rain,or
What is the air quality in Bhubaneswar?,air_quality,en
हैदराबाद मध्ये सूर्यास्त किती वाजता होतो?,sunrise_sunset,mr
আগামীকাল কি কলকাতা এ বৃষ্টি হবে?,rain,bn
ஹைதராபாத் மற்றும் டெல்லி வானிலையை ஒப்பிடுங்கள்.,weather_comparison,ta
மும்பைவில் எவ்வளவு ஈரப்பதமாக உள்ளது?,humidity,ta
ਇਸ ਹਫ਼ਤੇ ਦੇ ਅੰਤ ਵਿੱਚ ਹੈਦਰਾਬਾਦ ਵਿੱਚ ਮੌਸਮ ਕਿਹੋ ਜਿਹਾ ਰਹੇਗਾ?,weather_forecast,pa
ಹೈದರಾಬಾದ್ನಲ್ಲಿ ಗಾಳಿ ಎಷ್ಟು ವೇಗವಾಗಿ ಬೀಸುತ್ತಿದೆ?,wind,kn
హైదరాబాద్లో ఎంత తేమ ఉంది?,humidity,te
ముంబైలో ఈ రోజు వాతావరణం ఎలా ఉంది?,weather_current,te
आज मुंबई मध्ये आर्द्रता किती असेल?,humidity,mr
আজ কি বেঙ্গালুরু এ বৃষ্টি হবে?,rain,bn
भुवनेश्वर का वर्तमान मौसम बताओ।,weather_current,hi
டெல்லிவில் மழைக்கு வாய்ப்பு உள்ளதா?,rain,ta
భువనేశ్వర్లో గాలి ఎంత వేగంగా వీస్తోంది?,wind,te
કોલકાતામાં હવાની ગુણવત્તા કેવી છે?,air_quality,gu
कोलकाता और बेंगलुरु में किसका मौसम बेहतर है?,weather_comparison,hi
এই সপ্তাহান্তে মুম্বাই এর আবহাওয়া কেমন হবে?,weather_forecast,bn
चेन्नई में आर्द्रता कितनी है?,humidity,hi
આજે ચેન્નાઈમાં ભેજ કેટલો રહેશે?,humidity,gu
ਪੁਣੇ ਵਿੱਚ ਅੱਜ ਮੌਸਮ ਕਿਹੋ ਜਿਹਾ ਹੈ?,weather_current,pa
ਕੋਲਕਾਤਾ ਲਈ ਕੋਈ ਮੌਸਮ ਚੇਤਾਵਨੀ ਹੈ?,weather_alert,pa
চেন্নাই এর আর্দ্রতা কত?,humidity,bn
ముంబైలో వర్షం పడే అవకాశం ఉందా?,rain,te
ನಾಳೆ ಕೊಲ್ಕತ್ತಾನಲ್ಲಿ ಮಳೆ ಬೀಳುತ್ತದೆಯೇ?,rain,kn
சென்னைவில் காற்று எவ்வளவு வேகமாக வீசுகிறது?,wind,ta
ఢిల్లీలో ప్రస్తుత వాతావరణం ఎలా ఉంది?,weather_current,te
நாளை ஹைதராபாத்வில் வானிலை எப்படி இருக்கும்?,weather_forecast,ta
Will it rain in Pune today?,rain,en
Give me the weather forecast for Bhubaneswar.,weather_forecast,en
ಮುಂಬೈನಲ್ಲಿ ಹವಾಮಾನ ಎಚ್ಚರಿಕೆ ಇದೆಯೇ?,weather_alert,kn
ବେଙ୍ଗାଲୁରୁର ପାଗ ବିଷୟରେ କୁହନ୍ତୁ।,weather_current,or
ਭੁਵਨੇਸ਼ਵਰ ਵਿੱਚ ਇਸ ਵੇਲੇ ਮੌਸਮ ਕਿਹੋ ਜਿਹਾ ਹੈ?,weather_current,pa
ਅੱਜ ਪੁਣੇ ਦਾ ਮੌਸਮ ਕਿਹੋ ਜਿਹਾ ਹੈ?,weather_current,pa
આજે બેંગલુરુમાં ભેજ કેટલો રહેશે?,humidity,gu
சென்னைவில் இன்று வானிலை எப்படி இருக்கிறது?,weather_current,ta
How hot is it in Chennai?,temperature,en
What weather can I expect in Mumbai tomorrow?,weather_forecast,en
చెన్నైలో గాలి ఎంత వేగంగా వీస్తోంది?,wind,te
ଆସନ୍ତାକାଲି ଦିଲ୍ଲୀର ତାପମାତ୍ରା କେତେ ରହିବ?,temperature,or
ముంబైలో ఉష్ణోగ్రత ఎంత?,temperature,te
পুনে এর জন্য কোনো আবহাওয়া সতর্কতা আছে?,weather_alert,bn
ਹੈਦਰਾਬਾਦ ਅਤੇ ਬੈਂਗਲੁਰੂ ਵਿੱਚੋਂ ਕਿਹੜਾ ਠੰਡਾ ਹੈ?,weather_comparison,pa
ભુવનેશ્વરમાં સૂર્યોદય કેટલા વાગ્યે થાય છે?,sunrise_sunset,gu
हैदराबाद में आर्द्रता कितनी है?,humidity,hi
ਅੱਜ ਭੁਵਨੇਸ਼ਵਰ ਦਾ ਮੌਸਮ ਕਿਹੋ ਜਿਹਾ ਹੈ?,weather_current,pa
కోల్‌కతాలో తేమ ఎంత?,humidity,te
ਕੱਲ੍ਹ ਦਿੱਲੀ ਵਿੱਚ ਤਾਪਮਾਨ ਕਿੰਨਾ ਰਹੇਗਾ?,temperature,pa
இன்று டெல்லிவில் மழை பெய்யுமா?,rain,ta
ఈ రోజు హైదరాబాద్లో వర్షం పడుతుందా?,rain,te
What is the chance of rain in Delhi?,rain,en
ముంబైలో ఈ రోజు వాతావరణం ఎలా ఉంది?,weather_current,te
How is the weather today in Kolkata?,weather_current,en
कल मुंबई में मौसम कैसा रहेगा?,weather_forecast,hi
बेंगलुरु और कोलकाता में किसका मौसम बेहतर है?,weather_comparison,hi
ಬೆಂಗಳೂರುನಲ್ಲಿ ಸೂರ್ಯಾಸ್ತ ಯಾವಾಗ?,sunrise_sunset,kn
ನಾಳೆ ದೆಹಲಿನಲ್ಲಿ ಮಳೆ ಬೀಳುತ್ತದೆಯೇ?,rain,kn
ପୁଣେ ପାଇଁ କୌଣସି ପାଣିପାଗ ସତର୍କତା ଅଛି କି?,weather_alert,or
ଏହି ସପ୍ତାହ ଶେଷରେ ଦିଲ୍ଲୀର ପାଗ କେମିତି ରହିବ?,weather_forecast,or
ଭୁବନେଶ୍ୱର ପାଇଁ କୌଣସି ପାଣିପାଗ ସତର୍କତା ଅଛି କି?,weather_alert,or
બેંગલુરુમાં હવાની ગુણવત્તા કેવી છે?,air_quality,gu
ମୁମ୍ବାଇ ପାଇଁ କୌଣସି ପାଣିପାଗ ସତର୍କତା ଅଛି କି?,weather_alert,or
ବେଙ୍ଗାଲୁରୁରେ ବାୟୁର ଗୁଣବତ୍ତା କେମିତି?,air_quality,or
आज कोलकाता में मौसम कैसा रहेगा?,weather_current,hi
ਕੀ ਕੱਲ੍ਹ ਮੁੰਬਈ ਵਿੱਚ ਮੀਂਹ ਪਵੇਗਾ?,rain,pa
আজ কি কলকাতা এ বৃষ্টি হবে?,rain,bn
How is the weather in Mumbai right now?,weather_current,en
ಕೊಲ್ಕತ್ತಾನಲ್ಲಿ ಎಷ್ಟು ತೇವಾಂಶ ಇದೆ?,humidity,kn
કોલકાતામાં તાપમાન કેટલું છે?,temperature,gu
মুম্বাই এ বাতাস কতটা জোরে বইছে?,wind,bn
What time does the sun rise in Mumbai?,sunrise_sunset,en
पुणे मध्ये तापमान किती आहे?,temperature,mr
कोलकाता मध्ये सूर्यास्त किती वाजता होतो?,sunrise_sunset,mr
कोलकाता में सूर्यास्त कितने बजे होगा?,sunrise_sunset,hi
हैदराबाद में तापमान कितना है?,temperature,hi
How strong is the wind in Bhubaneswar?,wind,en
Give me the weather forecast for Bhubaneswar.,weather_forecast,en
মুম্বাই এ আজ আবহাওয়া কেমন?,weather_current,bn
Will it rain in Hyderabad today?,rain,en
ಪುಣೆನಲ್ಲಿ ಹವಾಮಾನ ಎಚ್ಚರಿಕೆ ಇದೆಯೇ?,weather_alert,kn
પુણેનું હાલનું હવામાન કેવું છે?,weather_current,gu
ਭੁਵਨੇਸ਼ਵਰ ਅਤੇ ਚੇਨਈ ਦੇ ਮੌਸਮ ਦੀ ਤੁਲਨਾ ਕਰੋ।,weather_comparison,pa
What time does the sun rise in Hyderabad?,sunrise_sunset,en
চেন্নাই এর তাপমাত্রা কত?,temperature,bn
How cold is it in Bhubaneswar?,temperature,en
મુંબઈનું હાલનું હવામાન કેવું છે?,weather_current,gu
ఈ వారాంతంలో ఢిల్లీలో వాతావరణం ఎలా ఉంటుంది?,weather_forecast,te
আজ হায়দ্রাবাদ এর আবহাওয়া কেমন?,weather_current,bn
કાલે ભુવનેશ્વરમાં તાપમાન કેટલું રહેશે?,temperature,gu
ಭುವನೇಶ್ವರನಲ್ಲಿ ಮಳೆಯ ಸಾಧ್ಯತೆ ಇದೆಯೇ?,rain,kn
କୋଲକାତାରେ କେତେ ଗରମ ଅଛି?,temperature,or
आज पुणे में मौसम कैसा रहेगा?,weather_current,hi
दिल्ली मध्ये वाऱ्याचा वेग किती आहे?,wind,mr
कल दिल्ली में मौसम कैसा रहेगा?,weather_forecast,hi
আজ মুম্বাই এর আর্দ্রতা কত থাকবে?,humidity,bn
मुंबई में सूर्यास्त कितने बजे होगा?,sunrise_sunset,hi
How windy is it in Delhi?,wind,en
ஹைதராபாத் மற்றும் டெல்லி வானிலையை ஒப்பிடுங்கள்.,weather_comparison,ta
उद्या भुवनेश्वर मध्ये पाऊस पडेल का?,rain,mr
புனேக்கு வானிலை எச்சரிக்கை உள்ளதா?,weather_alert,ta
హైదరాబాద్లో ప్రస్తుత వాతావరణం ఎలా ఉంది?,weather_current,te
பெங்களூருவில் சூரிய உதயம் எப்போது?,sunrise_sunset,ta
What will the weather be like in Bhubaneswar tomorrow?,weather_forecast,en
પુણેમાં કેટલી ભેજ છે?,humidity,gu
ਪੁਣੇ ਵਿੱਚ ਸੂਰਜ ਕਿੰਨੇ ਵਜੇ ਡੁੱਬਦਾ ਹੈ?,sunrise_sunset,pa
ఈ వారాంతంలో హైదరాబాద్లో వాతావరణం ఎలా ఉంటుంది?,weather_forecast,te
இன்று மும்பைவில் மழை பெய்யுமா?,rain,ta
আজ কলকাতা এর আবহাওয়া কেমন?,weather_current,bn
ఈ వారాంతంలో ఢిల్లీలో వాతావరణం ఎలా ఉంటుంది?,weather_forecast,te
ભુવનેશ્વરમાં સૂર્યાસ્ત કેટલા વાગ્યે થાય છે?,sunrise_sunset,gu
ఈ రోజు చెన్నైలో వాతావరణం ఎలా ఉంటుంది?,weather_current,te
புனேவில் சூரிய அஸ்தமனம் எப்போது?,sunrise_sunset,ta
आज कोलकाता चे हवामान कसे आहे?,weather_current,mr
ଆସନ୍ତାକାଲି ଦିଲ୍ଲୀରେ ପାଗ କେମିତି ରହିବ?,weather_forecast,or
ఢిల్లీలో తేమ ఎంత?,humidity,te
બેંગલુરુનો AQI કેટલો છે?,air_quality,gu
পুনে এ বাতাস কতটা জোরে বইছে?,wind,bn
What is the wind speed in Chennai?,wind,en
દિલ્હીમાં આજે હવામાન કેવું છે?,weather_current,gu
મુંબઈમાં પવન કેટલો ઝડપી છે?,wind,gu
ચેન્નાઈનું હાલનું હવામાન કેવું છે?,weather_current,gu
ভুবনেশ্বর এ বাতাসের গতি কত?,wind,bn
कल बेंगलुरु में तापमान कितना रहेगा?,temperature,hi
ହାଇଦ୍ରାବାଦର ପାଗ ବିଷୟରେ କୁହନ୍ତୁ।,weather_current,or
ಕೊಲ್ಕತ್ತಾನಲ್ಲಿ ಸೂರ್ಯಾಸ್ತ ಯಾವಾಗ?,sunrise_sunset,kn
દિલ્હીમાં વરસાદની શક્યતા છે?,rain,gu
What will the humidity be in Kolkata?,humidity,en
How is the air quality in Mumbai?,air_quality,en
મુંબઈનું હવામાન અનુમાન શું છે?,weather_forecast,gu
What weather can I expect in Bengaluru tomorrow?,weather_forecast,en
சென்னை மற்றும் புவனேஸ்வர் வானிலையை ஒப்பிடுங்கள்.,weather_comparison,ta
বেঙ্গালুরু এর তাপমাত্রা কত?,temperature,bn
பெங்களூருவில் வெப்பநிலை எவ்வளவு?,temperature,ta
Compare the weather in Mumbai and Kolkata.,weather_comparison,en
ಕೊಲ್ಕತ್ತಾನಲ್ಲಿ ಮಳೆಯ ಸಾಧ್ಯತೆ ಇದೆಯೇ?,rain,kn
ಹೈದರಾಬಾದ್ನಲ್ಲಿ ತೇವಾಂಶ ಎಷ್ಟು?,humidity,kn
আগামীকাল মুম্বাই এর তাপমাত্রা কত থাকবে?,temperature,bn
उद्या पुणे मध्ये हवामान कसे असेल?,weather_forecast,mr
ਪੁਣੇ ਵਿੱਚ ਕਿੰਨੀ ਨਮੀ ਹੈ?,humidity,pa
டெல்லிவில் எவ்வளவு ஈரப்பதமாக உள்ளது?,humidity,ta
ਅੱਜ ਮੁੰਬਈ ਦਾ ਮੌਸਮ ਕਿਹੋ ਜਿਹਾ ਹੈ?,weather_current,pa
What is the wind speed in Hyderabad?,wind,en
ಪುಣೆನಲ್ಲಿ ಎಷ್ಟು ತೇವಾಂಶ ಇದೆ?,humidity,kn
પુણેમાં વરસાદની શક્યતા છે?,rain,gu
కోల్‌కతాలో గాలి నాణ్యత ఎలా ఉంది?,air_quality,te
రేపు హైదరాబాద్లో వర్షం పడుతుందా?,rain,te
कोलकाता का वर्तमान मौसम बताओ।,weather_current,hi
What is the temperature in Bengaluru?,temperature,en
ನಾಳೆ ಬೆಂಗಳೂರುನಲ್ಲಿ ತಾಪಮಾನ ಎಷ್ಟು ಇರುತ್ತದೆ?,temperature,kn
ਦਿੱਲੀ ਅਤੇ ਚੇਨਈ ਵਿੱਚੋਂ ਕਿਹੜਾ ਠੰਡਾ ਹੈ?,weather_comparison,pa
ଦିଲ୍ଲୀର ବର୍ତ୍ତମାନ ପାଗ କେମିତି?,weather_current,or
ਅੱਜ ਕੋਲਕਾਤਾ ਵਿੱਚ ਨਮੀ ਕਿੰਨੀ ਰਹੇਗੀ?,humidity,pa
দিল্লি এ কতটা গরম?,temperature,bn
ఢిల్లీలో తేమ ఎంత?,humidity,te
ਮੁੰਬਈ ਵਿੱਚ ਮੌਸਮ ਦੀ ਕੋਈ ਚੇਤਾਵਨੀ ਹੈ?,weather_alert,pa
புனேவில் வெப்பநிலை எவ்வளவு?,temperature,ta
மும்பைவில் எவ்வளவு வெப்பமாக உள்ளது?,temperature,ta
ಹೈದರಾಬಾದ್ ಮತ್ತು ಭುವನೇಶ್ವರ ಹವಾಮಾನವನ್ನು ಹೋಲಿಸಿ.,weather_comparison,kn
What will the weather be like in Mumbai tomorrow?,weather_forecast,en
दिल्ली में आज मौसम कैसा है?,weather_current,hi
ਕੱਲ੍ਹ ਚੇਨਈ ਵਿੱਚ ਤਾਪਮਾਨ ਕਿੰਨਾ ਰਹੇਗਾ?,temperature,pa
ਹੈਦਰਾਬਾਦ ਵਿੱਚ ਸੂਰਜ ਕਿੰਨੇ ਵਜੇ ਚੜ੍ਹਦਾ ਹੈ?,sunrise_sunset,pa
புவனேஸ்வர்வில் சூரிய உதயம் எப்போது?,sunrise_sunset,ta
ਦਿੱਲੀ ਵਿੱਚ ਸੂਰਜ ਕਿੰਨੇ ਵਜੇ ਚੜ੍ਹਦਾ ਹੈ?,sunrise_sunset,pa
ପୁଣେରେ ଆର୍ଦ୍ରତା କେତେ?,humidity,or
दिल्ली का मौसम पूर्वानुमान बताओ।,weather_forecast,hi
चेन्नई का AQI कितना है?,air_quality,hi
क्या कल कोलकाता में बारिश होगी?,rain,hi
What is the weather in Kolkata today?,weather_current,en
ଦିଲ୍ଲୀରେ ଆର୍ଦ୍ରତା କେତେ?,humidity,or
ఈ రోజు పుణెలో వర్షం పడుతుందా?,rain,te
ఈ వారాంతంలో పుణెలో వాతావరణం ఎలా ఉంటుంది?,weather_forecast,te
How windy is it in Mumbai?,wind,en
પુણેમાં વરસાદની શક્યતા છે?,rain,gu
Is there a weather warning for Mumbai?,weather_alert,en
दिल्ली चा AQI किती आहे?,air_quality,mr
ଚେନ୍ନାଇରେ ସୂର୍ଯ୍ୟୋଦୟ କେତେବେଳେ?,sunrise_sunset,or
ఈ రోజు కోల్‌కతాలో తేమ ఎంత ఉంటుంది?,humidity,te
రేపు ముంబైలో ఉష్ణోగ్రత ఎంత ఉంటుంది?,temperature,te
আজ কি ভুবনেশ্বর এ বৃষ্টি হবে?,rain,bn
ଚେନ୍ନାଇ ଏବଂ ପୁଣେର ପାଗ ତୁଳନା କରନ୍ତୁ।,weather_comparison,or
ਹੈਦਰਾਬਾਦ ਦਾ AQI ਕਿੰਨਾ ਹੈ?,air_quality,pa
মুম্বাই এ কতটা গরম?,temperature,bn
ଆଜି ପୁଣେର ଆର୍ଦ୍ରତା କେତେ ରହିବ?,humidity,or
How cold is it in Hyderabad?,temperature,en
क्या आज दिल्ली में बारिश होगी?,rain,hi
ಪುಣೆಗೆ ಯಾವುದೇ ಹವಾಮಾನ ಎಚ್ಚರಿಕೆ ಇದೆಯೇ?,weather_alert,kn
મુંબઈમાં તાપમાન કેટલું છે?,temperature,gu
कोलकाता में हवा कितनी तेज है?,wind,hi
চেন্নাই এ বৃষ্টির সম্ভাবনা আছে কি?,rain,bn
ಹೈದರಾಬಾದ್ನಲ್ಲಿ ಗಾಳಿ ಎಷ್ಟು ವೇಗವಾಗಿ ಬೀಸುತ್ತಿದೆ?,wind,kn
ଚେନ୍ନାଇରେ ପବନ କେତେ ଜୋରରେ ବହୁଛି?,wind,or
ભુવનેશ્વર માટે કોઈ હવામાન ચેતવણી છે?,weather_alert,gu
పుణెలో ప్రస్తుత వాతావరణం ఎలా ఉంది?,weather_current,te
"భువనేశ్వర్ లేదా కోల్‌కతా, ఏది చల్లగా ఉంది?",weather_comparison,te
சென்னைவின் AQI எவ்வளவு?,air_quality,ta
ನಾಳೆ ಪುಣೆನಲ್ಲಿ ಹವಾಮಾನ ಹೇಗಿರುತ್ತದೆ?,weather_forecast,kn
ବେଙ୍ଗାଲୁରୁ ପାଇଁ କୌଣସି ପାଣିପାଗ ସତର୍କତା ଅଛି କି?,weather_alert,or
দিল্লি এবং চেন্নাই এর আবহাওয়ার তুলনা করুন।,weather_comparison,bn
What time does the sun rise in Chennai?,sunrise_sunset,en
పుణె మరియు చెన్నై వాతావరణాన్ని పోల్చండి.,weather_comparison,te
आज भुवनेश्वर मध्ये पाऊस पडेल का?,rain,mr
ਪੁਣੇ ਵਿੱਚ ਕਿੰਨੀ ਗਰਮੀ ਹੈ?,temperature,pa
Will it rain in Chennai today?,rain,en
আগামীকাল মুম্বাই এর আবহাওয়া কেমন থাকবে?,weather_forecast,bn
What is the wind speed in Kolkata?,wind,en
હૈદરાબાદનું હાલનું હવામાન કેવું છે?,weather_current,gu
ఈ రోజు బెంగళూరులో తేమ ఎంత ఉంటుంది?,humidity,te
आज हैदराबाद मध्ये आर्द्रता किती असेल?,humidity,mr
मुंबई मध्ये आज हवामान कसे आहे?,weather_current,mr
ముంబై వాతావరణ సూచన ఏమిటి?,weather_forecast,te
हैदराबाद में सूर्यास्त कितने बजे होगा?,sunrise_sunset,hi
ਕੀ ਅੱਜ ਬੈਂਗਲੁਰੂ ਵਿੱਚ ਮੀਂਹ ਪਵੇਗਾ?,rain,pa
ଚେନ୍ନାଇର AQI କେତେ?,air_quality,or
ஹைதராபாத்வில் இன்று வானிலை எப்படி இருக்கிறது?,weather_current,ta
ಪುಣೆ ಹವಾಮಾನ ಮುನ್ಸೂಚನೆ ಏನು?,weather_forecast,kn
ચેન્નાઈમાં પવનની ઝડપ કેટલી છે?,wind,gu
ਚੇਨਈ ਵਿੱਚ ਕਿੰਨੀ ਨਮੀ ਹੈ?,humidity,pa
ಕೊಲ್ಕತ್ತಾನಲ್ಲಿ ಎಷ್ಟು ಬಿಸಿಯಾಗಿದೆ?,temperature,kn
ମୁମ୍ବାଇରେ ବାୟୁର ଗୁଣବତ୍ତା କେମିତି?,air_quality,or
ਕੀ ਅੱਜ ਬੈਂਗਲੁਰੂ ਵਿੱਚ ਮੀਂਹ ਪਵੇਗਾ?,rain,pa
ਪੁਣੇ ਵਿੱਚ ਨਮੀ ਕਿੰਨੀ ਹੈ?,humidity,pa
पुणे मध्ये सूर्यास्त किती वाजता होतो?,sunrise_sunset,mr
டெல்லிவில் சூரிய உதயம் எப்போது?,sunrise_sunset,ta
কলকাতা এ কতটা আর্দ্র?,humidity,bn
હૈદરાબાદ અને ચેન્નાઈના હવામાનની તુલના કરો.,weather_comparison,gu
"Which city is colder, Chennai or Mumbai?",weather_comparison,en
ਕੀ ਕੱਲ੍ਹ ਪੁਣੇ ਵਿੱਚ ਮੀਂਹ ਪਵੇਗਾ?,rain,pa
బెంగళూరులో తేమ ఎంత?,humidity,te
புவனேஸ்வர்க்கு வானிலை எச்சரிக்கை உள்ளதா?,weather_alert,ta
பெங்களூரு மற்றும் கொல்கத்தா வானிலையை ஒப்பிடுங்கள்.,weather_comparison,ta
ଆଜି ଭୁବନେଶ୍ୱରର ଆର୍ଦ୍ରତା କେତେ ରହିବ?,humidity,or
बेंगळुरू चा AQI किती आहे?,air_quality,mr
Are there any severe weather warnings in Kolkata?,weather_alert,en
What is the wind speed in Hyderabad?,wind,en
"চেন্নাই না মুম্বাই, কোনটি বেশি ঠান্ডা?",weather_comparison,bn
भुवनेश्वर और पुणे में किसका मौसम बेहतर है?,weather_comparison,hi
क्या आज बेंगलुरु में बारिश होगी?,rain,hi
புவனேஸ்வர்வில் சூரிய அஸ்தமனம் எப்போது?,sunrise_sunset,ta
હૈદરાબાદમાં સૂર્યાસ્ત કેટલા વાગ્યે થાય છે?,sunrise_sunset,gu
ਕੱਲ੍ਹ ਬੈਂਗਲੁਰੂ ਵਿੱਚ ਤਾਪਮਾਨ ਕਿੰਨਾ ਰਹੇਗਾ?,temperature,pa
ಇಂದು ಚೆನ್ನೈನಲ್ಲಿ ಮಳೆ ಬೀಳುತ್ತದೆಯೇ?,rain,kn
பெங்களூருவில் வெப்பநிலை எவ்வளவு?,temperature,ta
பெங்களூருவில் வெப்பநிலை எவ்வளவு?,temperature,ta
चेन्नई मध्ये हवामानाचा इशारा आहे का?,weather_alert,mr
આજે પુણેમાં વરસાદ પડશે?,rain,gu
ਚੇਨਈ ਵਿੱਚ ਮੀਂਹ ਦੀ ਸੰਭਾਵਨਾ ਹੈ?,rain,pa
மும்பைவில் ஈரப்பதம் எவ்வளவு?,humidity,ta
আজ চেন্নাই এর আবহাওয়া কেমন?,weather_current,bn
उद्या चेन्नई मध्ये तापमान किती असेल?,temperature,mr
હૈદરાબાદમાં પવનની ઝડપ કેટલી છે?,wind,gu
ભુવનેશ્વરમાં હવાની ગુણવત્તા કેવી છે?,air_quality,gu
ఈ రోజు భువనేశ్వర్లో తేమ ఎంత ఉంటుంది?,humidity,te
ଆସନ୍ତାକାଲି ଦିଲ୍ଲୀରେ ବର୍ଷା ହେବ କି?,rain,or
ಮುಂಬೈನಲ್ಲಿ ಗಾಳಿ ಎಷ್ಟು ವೇಗವಾಗಿ ಬೀಸುತ್ತಿದೆ?,wind,kn
How windy is it in Pune?,wind,en
பெங்களூருவில் மழைக்கு வாய்ப்பு உள்ளதா?,rain,ta
What time does the sun rise in Bhubaneswar?,sunrise_sunset,en
ମୁମ୍ବାଇରେ ସୂର୍ଯ୍ୟୋଦୟ କେତେବେଳେ?,sunrise_sunset,or
கொல்கத்தாவில் காற்று எவ்வளவு வேகமாக வீசுகிறது?,wind,ta
ବେଙ୍ଗାଲୁରୁରେ କୌଣସି ପାଗ ସତର୍କତା ଅଛି କି?,weather_alert,or
उद्या दिल्ली मध्ये तापमान किती असेल?,temperature,mr
বেঙ্গালুরু এ বৃষ্টির সম্ভাবনা আছে কি?,rain,bn
হায়দ্রাবাদ এর AQI কত?,air_quality,bn
Give me the weather forecast for Mumbai.,weather_forecast,en
ଆଜି କୋଲକାତାର ଆର୍ଦ୍ରତା କେତେ ରହିବ?,humidity,or
ଦିଲ୍ଲୀରେ କୌଣସି ପାଗ ସତର୍କତା ଅଛି କି?,weather_alert,or
చెన్నైలో ప్రస్తుత వాతావరణం ఎలా ఉంది?,weather_current,te
What is the AQI in Kolkata?,air_quality,en
કોલકાતા અને ચેન્નાઈના હવામાનની તુલના કરો.,weather_comparison,gu
டெல்லிவில் சூரிய உதயம் எப்போது?,sunrise_sunset,ta
ভুবনেশ্বর এর জন্য কোনো আবহাওয়া সতর্কতা আছে?,weather_alert,bn
દિલ્હીમાં સૂર્યાસ્ત કેટલા વાગ્યે થાય છે?,sunrise_sunset,gu
ਕੀ ਕੱਲ੍ਹ ਪੁਣੇ ਵਿੱਚ ਮੀਂਹ ਪਵੇਗਾ?,rain,pa
बेंगळुरू आणि चेन्नई पैकी कोणते शहर थंड आहे?,weather_comparison,mr
Will it rain tomorrow in Mumbai?,rain,en
చెన్నైలో సూర్యాస్తమయం ఎప్పుడు?,sunrise_sunset,te
What is the chance of rain in Bengaluru?,rain,en
दिल्ली और हैदराबाद में किसका मौसम बेहतर है?,weather_comparison,hi
আজ বেঙ্গালুরু এর আর্দ্রতা কত থাকবে?,humidity,bn
ನಾಳೆ ಪುಣೆನಲ್ಲಿ ತಾಪಮಾನ ಎಷ್ಟು ಇರುತ್ತದೆ?,temperature,kn
ಇಂದು ಹೈದರಾಬಾದ್ನಲ್ಲಿ ಮಳೆ ಬೀಳುತ್ತದೆಯೇ?,rain,kn
હૈદરાબાદ માટે કોઈ હવામાન ચેતવણી છે?,weather_alert,gu
What time does the sun rise in Kolkata?,sunrise_sunset,en
आज चेन्नई मध्ये पाऊस पडेल का?,rain,mr
આ સપ્તાહના અંતે ચેન્નાઈમાં હવામાન કેવું રહેશે?,weather_forecast,gu
భువనేశ్వర్ మరియు బెంగళూరు వాతావరణాన్ని పోల్చండి.,weather_comparison,te
ಪುಣೆ ಮತ್ತು ಮುಂಬೈ ಹವಾಮಾನವನ್ನು ಹೋಲಿಸಿ.,weather_comparison,kn
ಚೆನ್ನೈನಲ್ಲಿ ಪ್ರಸ್ತುತ ಹವಾಮಾನ ಹೇಗಿದೆ?,weather_current,kn
நாளை புவனேஸ்வர்வில் மழை பெய்யுமா?,rain,ta
पुणे में अभी मौसम कैसा है?,weather_current,hi
மும்பைவில் வெப்பநிலை எவ்வளவு?,temperature,ta
ଏହି ସପ୍ତାହ ଶେଷରେ ପୁଣେର ପାଗ କେମିତି ରହିବ?,weather_forecast,or
કાલે દિલ્હીમાં વરસાદ પડશે?,rain,gu
கொல்கத்தாவில் காற்றின் வேகம் எவ்வளவு?,wind,ta
ਚੇਨਈ ਵਿੱਚ ਨਮੀ ਕਿੰਨੀ ਹੈ?,humidity,pa
चेन्नई साठी हवामानाची कोणतीही चेतावणी आहे का?,weather_alert,mr
ଦିଲ୍ଲୀରେ କେତେ ଗରମ ଅଛି?,temperature,or
मुंबई के लिए कोई मौसम चेतावनी है?,weather_alert,hi
ಚೆನ್ನೈಗೆ ಯಾವುದೇ ಹವಾಮಾನ ಎಚ್ಚರಿಕೆ ಇದೆಯೇ?,weather_alert,kn
मुंबई में कितनी गर्मी है?,temperature,hi
ପୁଣେର AQI କେତେ?,air_quality,or
ਪੁਣੇ ਵਿੱਚ ਤਾਪਮਾਨ ਕਿੰਨਾ ਹੈ?,temperature,pa
ਕੋਲਕਾਤਾ ਅਤੇ ਬੈਂਗਲੁਰੂ ਦੇ ਮੌਸਮ ਦੀ ਤੁਲਨਾ ਕਰੋ।,weather_comparison,pa
"Which city is colder, Kolkata or Delhi?",weather_comparison,en
उद्या हैदराबाद मध्ये पाऊस पडेल का?,rain,mr
ಈ ವಾರಾಂತ್ಯದಲ್ಲಿ ದೆಹಲಿನಲ್ಲಿ ಹವಾಮಾನ ಹೇಗಿರುತ್ತದೆ?,weather_forecast,kn
"দিল্লি না পুনে, কোনটি বেশি ঠান্ডা?",weather_comparison,bn
उद्या भुवनेश्वर मध्ये तापमान किती असेल?,temperature,mr
ମୁମ୍ବାଇରେ ସୂର୍ଯ୍ୟୋଦୟ କେତେବେଳେ?,sunrise_sunset,or
ଆସନ୍ତାକାଲି ହାଇଦ୍ରାବାଦର ତାପମାତ୍ରା କେତେ ରହିବ?,temperature,or
రేపు ముంబైలో వర్షం పడుతుందా?,rain,te
Tell me the current weather in Kolkata.,weather_current,en
சென்னைவில் காற்று எவ்வளவு வேகமாக வீசுகிறது?,wind,ta
ਇਸ ਹਫ਼ਤੇ ਦੇ ਅੰਤ ਵਿੱਚ ਦਿੱਲੀ ਵਿੱਚ ਮੌਸਮ ਕਿਹੋ ਜਿਹਾ ਰਹੇਗਾ?,weather_forecast,pa
Give me the weather forecast for Delhi.,weather_forecast,en
મુંબઈમાં હવામાનની કોઈ ચેતવણી છે?,weather_alert,gu
What is the humidity in Delhi?,humidity,en
ఈ రోజు బెంగళూరులో వర్షం పడుతుందా?,rain,te
బెంగళూరులో వర్షం పడే అవకాశం ఉందా?,rain,te
"புவனேஸ்வர் அல்லது மும்பை, எது குளிராக உள்ளது?",weather_comparison,ta
ఈ వారాంతంలో చెన్నైలో వాతావరణం ఎలా ఉంటుంది?,weather_forecast,te
పుణెలో సూర్యోదయం ఎప్పుడు?,sunrise_sunset,te
"Which is hotter, Chennai or Pune?",weather_comparison,en
पुणे के लिए कोई मौसम चेतावनी है?,weather_alert,hi
कोलकाता मध्ये हवामानाचा इशारा आहे का?,weather_alert,mr
ಬೆಂಗಳೂರುನಲ್ಲಿ ತಾಪಮಾನ ಎಷ್ಟು?,temperature,kn
ఢిల్లీ మరియు పుణె వాతావరణాన్ని పోల్చండి.,weather_comparison,te
ଆଜି ଚେନ୍ନାଇରେ ବର୍ଷା ହେବ କି?,rain,or
What will the humidity be in Bengaluru?,humidity,en
চেন্নাই এর বায়ুর মান কেমন?,air_quality,bn
What weather can I expect in Hyderabad tomorrow?,weather_forecast,en
ನಾಳೆ ಹೈದರಾಬಾದ್ನಲ್ಲಿ ಮಳೆ ಬೀಳುತ್ತದೆಯೇ?,rain,kn
આજે હૈદરાબાદમાં ભેજ કેટલો રહેશે?,humidity,gu
ਪੁਣੇ ਦਾ ਮੌਸਮ ਪੂਰਵ ਅਨੁਮਾਨ ਕੀ ਹੈ?,weather_forecast,pa
ಇಂದು ಬೆಂಗಳೂರುನಲ್ಲಿ ತೇವಾಂಶ ಎಷ್ಟು ಇರುತ್ತದೆ?,humidity,kn
చెన్నైలో సూర్యోదయం ఎప్పుడు?,sunrise_sunset,te
ਮੁੰਬਈ ਵਿੱਚ ਕਿੰਨੀ ਨਮੀ ਹੈ?,humidity,pa
How hot is it in Bengaluru?,temperature,en
రేపు కోల్‌కతాలో ఉష్ణోగ్రత ఎంత ఉంటుంది?,temperature,te
આ સપ્તાહના અંતે પુણેમાં હવામાન કેવું રહેશે?,weather_forecast,gu
હૈદરાબાદ અને પુણેમાંથી કયું વધુ ઠંડું છે?,weather_comparison,gu
ਅੱਜ ਦਿੱਲੀ ਦਾ ਮੌਸਮ ਕਿਹੋ ਜਿਹਾ ਹੈ?,weather_current,pa
இந்த வார இறுதியில் மும்பைவில் வானிலை எப்படி இருக்கும்?,weather_forecast,ta
मुंबई में मौसम की कोई चेतावनी है?,weather_alert,hi
ਭੁਵਨੇਸ਼ਵਰ ਵਿੱਚ ਕਿੰਨੀ ਗਰਮੀ ਹੈ?,temperature,pa
Is rain expected in Hyderabad?,rain,en
बेंगलुरु में हवा कितनी तेज है?,wind,hi
ಚೆನ್ನೈನಲ್ಲಿ ಮಳೆಯ ಸಾಧ್ಯತೆ ಇದೆಯೇ?,rain,kn
How hot is it in Delhi?,temperature,en
What is the weather like in Kolkata?,weather_current,en
আগামীকাল কলকাতা এর তাপমাত্রা কত থাকবে?,temperature,bn
बेंगलुरु का AQI कितना है?,air_quality,hi
કોલકાતામાં તાપમાન કેટલું છે?,temperature,gu
ಮುಂಬೈನಲ್ಲಿ ತಾಪಮಾನ ಎಷ್ಟು?,temperature,kn
बेंगलुरु का मौसम पूर्वानुमान बताओ।,weather_forecast,hi
కోల్‌కతా మరియు చెన్నై వాతావరణాన్ని పోల్చండి.,weather_comparison,te
ਦਿੱਲੀ ਵਿੱਚ ਨਮੀ ਕਿੰਨੀ ਹੈ?,humidity,pa
હૈદરાબાદમાં પવન કેટલો ઝડપી છે?,wind,gu
சென்னைவில் காற்றின் தரம் எப்படி உள்ளது?,air_quality,ta
Are there any severe weather warnings in Bhubaneswar?,weather_alert,en
சென்னைவில் இன்று வானிலை எப்படி இருக்கிறது?,weather_current,ta
चेन्नई मध्ये वारा किती जोरात आहे?,wind,mr
হায়দ্রাবাদ এ সূর্যোদয় কখন?,sunrise_sunset,bn
ਪੁਣੇ ਦਾ AQI ਕਿੰਨਾ ਹੈ?,air_quality,pa
पुणे मध्ये हवेची गुणवत्ता कशी आहे?,air_quality,mr
ಬೆಂಗಳೂರುನಲ್ಲಿ ಗಾಳಿ ಎಷ್ಟು ವೇಗವಾಗಿ ಬೀಸುತ್ತಿದೆ?,wind,kn
कोलकाता मध्ये आर्द्रता किती आहे?,humidity,mr
કોલકાતાનું હાલનું હવામાન કેવું છે?,weather_current,gu
ચેન્નાઈ અને કોલકાતાના હવામાનની તુલના કરો.,weather_comparison,gu
பெங்களூருவில் வெப்பநிலை எவ்வளவு?,temperature,ta
पुणे मध्ये किती दमट आहे?,humidity,mr
டெல்லி மற்றும் புவனேஸ்வர் வானிலையை ஒப்பிடுங்கள்.,weather_comparison,ta
कोलकाता का मौसम पूर्वानुमान बताओ।,weather_forecast,hi
Tell me the temperature in Bengaluru.,temperature,en
ਮੁੰਬਈ ਵਿੱਚ ਹਵਾ ਦੀ ਰਫ਼ਤਾਰ ਕਿੰਨੀ ਹੈ?,wind,pa
சென்னைவில் மழைக்கு வாய்ப்பு உள்ளதா?,rain,ta
পুনে এ কতটা আর্দ্র?,humidity,bn
मुंबई आणि चेन्नई मधील हवामानाची तुलना करा.,weather_comparison,mr
કોલકાતા અને ચેન્નાઈમાંથી કયું વધુ ઠંડું છે?,weather_comparison,gu
ಈ ವಾರಾಂತ್ಯದಲ್ಲಿ ಚೆನ್ನೈನಲ್ಲಿ ಹವಾಮಾನ ಹೇಗಿರುತ್ತದೆ?,weather_forecast,kn
આજે હૈદરાબાદમાં ભેજ કેટલો રહેશે?,humidity,gu
పుణెలో గాలి ఎంత వేగంగా వీస్తోంది?,wind,te
What is the AQI in Delhi?,air_quality,en
புவனேஸ்வர்வின் AQI எவ்வளவு?,air_quality,ta
ಪುಣೆ ಹವಾಮಾನ ಮುನ್ಸೂಚನೆ ಏನು?,weather_forecast,kn
சென்னைவில் மழைக்கு வாய்ப்பு உள்ளதா?,rain,ta
भुवनेश्वर में तापमान कितना है?,temperature,hi
What is the air quality in Mumbai?,air_quality,en
চেন্নাই এ বাতাসের গতি কত?,wind,bn
Are there any weather alerts for Hyderabad?,weather_alert,en
"டெல்லி அல்லது புவனேஸ்வர், எது குளிராக உள்ளது?",weather_comparison,ta
ਹੈਦਰਾਬਾਦ ਅਤੇ ਬੈਂਗਲੁਰੂ ਵਿੱਚੋਂ ਕਿਹੜਾ ਠੰਡਾ ਹੈ?,weather_comparison,pa
আজ কলকাতা এর আবহাওয়া কেমন?,weather_current,bn
হায়দ্রাবাদ এ সূর্যোদয় কখন?,sunrise_sunset,bn
ભુવનેશ્વરમાં હવાની ગુણવત્તા કેવી છે?,air_quality,gu
What is the weather forecast for Kolkata?,weather_forecast,en
What will the humidity be in Pune?,humidity,en
டெல்லிவில் ஈரப்பதம் எவ்வளவு?,humidity,ta
ପୁଣେର ବର୍ତ୍ତମାନ ପାଗ କେମିତି?,weather_current,or
આજે દિલ્હીમાં વરસાદ પડશે?,rain,gu
আগামীকাল ভুবনেশ্বর এর তাপমাত্রা কত থাকবে?,temperature,bn
કાલે ચેન્નાઈમાં વરસાદ પડશે?,rain,gu
હૈદરાબાદનું હાલનું હવામાન કેવું છે?,weather_current,gu
আগামীকাল দিল্লি এর তাপমাত্রা কত থাকবে?,temperature,bn
আগামীকাল ভুবনেশ্বর এর তাপমাত্রা কত থাকবে?,temperature,bn
How humid is it in Pune?,humidity,en
କୋଲକାତାରେ କେତେ ଆର୍ଦ୍ରତା ଅଛି?,humidity,or
आज हैदराबाद मध्ये पाऊस पडेल का?,rain,mr
મુંબઈમાં સૂર્યોદય કેટલા વાગ્યે થાય છે?,sunrise_sunset,gu
ଦିଲ୍ଲୀରେ କେତେ ଆର୍ଦ୍ରତା ଅଛି?,humidity,or
बेंगलुरु का वर्तमान मौसम बताओ।,weather_current,hi
How is the weather today in Pune?,weather_current,en
ਦਿੱਲੀ ਵਿੱਚ ਸੂਰਜ ਕਿੰਨੇ ਵਜੇ ਚੜ੍ਹਦਾ ਹੈ?,sunrise_sunset,pa
ଆଜି ଚେନ୍ନାଇର ଆର୍ଦ୍ରତା କେତେ ରହିବ?,humidity,or
ఈ వారాంతంలో ఢిల్లీలో వాతావరణం ఎలా ఉంటుంది?,weather_forecast,te
What is the weather forecast for Bhubaneswar?,weather_forecast,en
ਬੈਂਗਲੁਰੂ ਅਤੇ ਚੇਨਈ ਦੇ ਮੌਸਮ ਦੀ ਤੁਲਨਾ ਕਰੋ।,weather_comparison,pa
ਚੇਨਈ ਦਾ ਮੌਸਮ ਪੂਰਵ ਅਨੁਮਾਨ ਕੀ ਹੈ?,weather_forecast,pa
बेंगळुरू मध्ये किती उष्णता आहे?,temperature,mr
How will the weather be in Mumbai this weekend?,weather_forecast,en
"చెన్నై లేదా ముంబై, ఏది చల్లగా ఉంది?",weather_comparison,te
દિલ્હીમાં ભેજ કેટલો છે?,humidity,gu
বেঙ্গালুরু এর আবহাওয়ার পূর্বাভাস কী?,weather_forecast,bn
What is the wind speed in Hyderabad?,wind,en
કાલે કોલકાતામાં હવામાન કેવું રહેશે?,weather_forecast,gu
Are there any weather alerts for Hyderabad?,weather_alert,en
ଆସନ୍ତାକାଲି ପୁଣେରେ ବର୍ଷା ହେବ କି?,rain,or
கொல்கத்தாவில் தற்போதைய வானிலை எப்படி உள்ளது?,weather_current,ta
ਕੀ ਅੱਜ ਚੇਨਈ ਵਿੱਚ ਮੀਂਹ ਪਵੇਗਾ?,rain,pa
ਕੀ ਕੱਲ੍ਹ ਬੈਂਗਲੁਰੂ ਵਿੱਚ ਮੀਂਹ ਪਵੇਗਾ?,rain,pa
मुंबई और पुणे के मौसम की तुलना करो।,weather_comparison,hi
उद्या बेंगळुरू मध्ये हवामान कसे असेल?,weather_forecast,mr
इस सप्ताह के अंत में हैदराबाद में मौसम कैसा रहेगा?,weather_forecast,hi
Are there any weather alerts for Mumbai?,weather_alert,en
ଏହି ସପ୍ତାହ ଶେଷରେ ଚେନ୍ନାଇର ପାଗ କେମିତି ରହିବ?,weather_forecast,or
চেন্নাই এ কতটা আর্দ্র?,humidity,bn
पुणे मध्ये किती उष्णता आहे?,temperature,mr
ਬੈਂਗਲੁਰੂ ਦਾ ਮੌਸਮ ਪੂਰਵ ਅਨੁਮਾਨ ਕੀ ਹੈ?,weather_forecast,pa
ଆଜି ମୁମ୍ବାଇର ପାଗ କେମିତି?,weather_current,or
ਹੈਦਰਾਬਾਦ ਵਿੱਚ ਮੀਂਹ ਦੀ ਸੰਭਾਵਨਾ ਹੈ?,rain,pa
ಈ ವಾರಾಂತ್ಯದಲ್ಲಿ ಚೆನ್ನೈನಲ್ಲಿ ಹವಾಮಾನ ಹೇಗಿರುತ್ತದೆ?,weather_forecast,kn
What is the air quality in Pune?,air_quality,en
ଆସନ୍ତାକାଲି ଚେନ୍ନାଇର ତାପମାତ୍ରା କେତେ ରହିବ?,temperature,or
ଭୁବନେଶ୍ୱରର ପାଗ ବିଷୟରେ କୁହନ୍ତୁ।,weather_current,or
"Which city is colder, Kolkata or Delhi?",weather_comparison,en
इस सप्ताह के अंत में बेंगलुरु में मौसम कैसा रहेगा?,weather_forecast,hi
ਅੱਜ ਭੁਵਨੇਸ਼ਵਰ ਦਾ ਮੌਸਮ ਕਿਹੋ ਜਿਹਾ ਹੈ?,weather_current,pa
कल हैदराबाद में मौसम कैसा रहेगा?,weather_forecast,hi
আগামীকাল কি ভুবনেশ্বর এ বৃষ্টি হবে?,rain,bn
कल हैदराबाद में तापमान कितना रहेगा?,temperature,hi
भुवनेश्वर का AQI कितना है?,air_quality,hi
कोलकाता चे हवामान अंदाज सांगा.,weather_forecast,mr
पुणे मध्ये वारा किती जोरात आहे?,wind,mr
চেন্নাই এর জন্য কোনো আবহাওয়া সতর্কতা আছে?,weather_alert,bn
আগামীকাল দিল্লি এর আবহাওয়া কেমন থাকবে?,weather_forecast,bn
आज चेन्नई में नमी कितनी रहेगी?,humidity,hi
ಇಂದು ಭುವನೇಶ್ವರನಲ್ಲಿ ತೇವಾಂಶ ಎಷ್ಟು ಇರುತ್ತದೆ?,humidity,kn
মুম্বাই এবং বেঙ্গালুরু এর আবহাওয়ার তুলনা করুন।,weather_comparison,bn
भुवनेश्वर चा AQI किती आहे?,air_quality,mr
ଭୁବନେଶ୍ୱରରେ ତାପମାତ୍ରା କେତେ?,temperature,or
"Which is hotter, Kolkata or Pune?",weather_comparison,en
बेंगलुरु में कितनी गर्मी है?,temperature,hi
పుణెలో ఉష్ణోగ్రత ఎంత?,temperature,te
Will it rain tomorrow in Kolkata?,rain,en
हैदराबाद मध्ये वारा किती जोरात आहे?,wind,mr
ಮುಂಬೈನಲ್ಲಿ ತೇವಾಂಶ ಎಷ್ಟು?,humidity,kn
चेन्नई मध्ये पावसाची शक्यता आहे का?,rain,mr
How is the weather today in Delhi?,weather_current,en
আজ মুম্বাই এর আবহাওয়া কেমন?,weather_current,bn
ਭੁਵਨੇਸ਼ਵਰ ਵਿੱਚ ਮੌਸਮ ਦੀ ਕੋਈ ਚੇਤਾਵਨੀ ਹੈ?,weather_alert,pa
"ದೆಹಲಿ ಅಥವಾ ಬೆಂಗಳೂರು, ಯಾವುದು ಹೆಚ್ಚು ತಂಪಾಗಿದೆ?",weather_comparison,kn
ਕੋਲਕਾਤਾ ਅਤੇ ਬੈਂਗਲੁਰੂ ਵਿੱਚੋਂ ਕਿਹੜਾ ਠੰਡਾ ਹੈ?,weather_comparison,pa
What is the wind speed in Bengaluru?,wind,en
Is rain expected in Chennai?,rain,en
उद्या पुणे मध्ये तापमान किती असेल?,temperature,mr
এই সপ্তাহান্তে হায়দ্রাবাদ এর আবহাওয়া কেমন হবে?,weather_forecast,bn
పుణెలో ప్రస్తుత వాతావరణం ఎలా ఉంది?,weather_current,te
ମୁମ୍ବାଇର ବର୍ତ୍ତମାନ ପାଗ କେମିତି?,weather_current,or
ਕੱਲ੍ਹ ਹੈਦਰਾਬਾਦ ਵਿੱਚ ਮੌਸਮ ਕਿਹੋ ਜਿਹਾ ਰਹੇਗਾ?,weather_forecast,pa
What is the weather like in Chennai?,weather_current,en
કાલે ભુવનેશ્વરમાં હવામાન કેવું રહેશે?,weather_forecast,gu
கொல்கத்தாவில் எவ்வளவு ஈரப்பதமாக உள்ளது?,humidity,ta
What time is sunrise in Kolkata?,sunrise_sunset,en
What is the weather like in Pune?,weather_current,en
ਬੈਂਗਲੁਰੂ ਵਿੱਚ ਮੌਸਮ ਦੀ ਕੋਈ ਚੇਤਾਵਨੀ ਹੈ?,weather_alert,pa
ପୁଣେର AQI କେତେ?,air_quality,or
"Which is hotter, Pune or Mumbai?",weather_comparison,en
ભુવનેશ્વરમાં કેટલી ભેજ છે?,humidity,gu
ਕੋਲਕਾਤਾ ਵਿੱਚ ਸੂਰਜ ਕਿੰਨੇ ਵਜੇ ਚੜ੍ਹਦਾ ਹੈ?,sunrise_sunset,pa
ਭੁਵਨੇਸ਼ਵਰ ਦਾ AQI ਕਿੰਨਾ ਹੈ?,air_quality,pa
రేపు బెంగళూరులో ఉష్ణోగ్రత ఎంత ఉంటుంది?,temperature,te
ਕੋਲਕਾਤਾ ਵਿੱਚ ਨਮੀ ਕਿੰਨੀ ਹੈ?,humidity,pa
How cold is it in Hyderabad?,temperature,en
What will the weather be like in Bhubaneswar tomorrow?,weather_forecast,en
Is rain expected in Bhubaneswar?,rain,en
આ સપ્તાહના અંતે દિલ્હીમાં હવામાન કેવું રહેશે?,weather_forecast,gu
How windy is it in Mumbai?,wind,en
హైదరాబాద్లో గాలి ఎంత వేగంగా వీస్తోంది?,wind,te
ಇಂದು ಮುಂಬೈನಲ್ಲಿ ತೇವಾಂಶ ಎಷ್ಟು ಇರುತ್ತದೆ?,humidity,kn
કોલકાતામાં વરસાદની શક્યતા છે?,rain,gu
चेन्नई और हैदराबाद के मौसम की तुलना करो।,weather_comparison,hi
భువనేశ్వర్లో సూర్యాస్తమయం ఎప్పుడు?,sunrise_sunset,te
भुवनेश्वर में बारिश की संभावना है?,rain,hi
நாளை டெல்லிவில் வானிலை எப்படி இருக்கும்?,weather_forecast,ta
मुंबई में सूर्योदय कितने बजे होगा?,sunrise_sunset,hi
कोलकाता मध्ये आज हवामान कसे आहे?,weather_current,mr
भुवनेश्वर में तापमान कितना है?,temperature,hi
What is the air quality in Hyderabad?,air_quality,en
चेन्नई मध्ये किती उष्णता आहे?,temperature,mr
ଆଜି ଭୁବନେଶ୍ୱରରେ ବର୍ଷା ହେବ କି?,rain,or
আজ পুনে এর আর্দ্রতা কত থাকবে?,humidity,bn
মুম্বাই এ কোনো আবহাওয়া সতর্কতা জারি হয়েছে?,weather_alert,bn
ఢిల్లీలో గాలి వేగం ఎంత?,wind,te
What will the temperature be in Hyderabad tomorrow?,temperature,en
ಇಂದು ಬೆಂಗಳೂರುನಲ್ಲಿ ಹವಾಮಾನ ಹೇಗಿರುತ್ತದೆ?,weather_current,kn
భువనేశ్వర్లో ఉష్ణోగ్రత ఎంత?,temperature,te
चेन्नई में सूर्यास्त कितने बजे होगा?,sunrise_sunset,hi
आज बेंगलुरु में नमी कितनी रहेगी?,humidity,hi
ভুবনেশ্বর এর আর্দ্রতা কত?,humidity,bn
ఈ రోజు కోల్‌కతాలో వాతావరణం ఎలా ఉంటుంది?,weather_current,te
பெங்களூரு மற்றும் கொல்கத்தா வானிலையை ஒப்பிடுங்கள்.,weather_comparison,ta
ଏହି ସପ୍ତାହ ଶେଷରେ ଦିଲ୍ଲୀର ପାଗ କେମିତି ରହିବ?,weather_forecast,or
நாளை கொல்கத்தாவில் வெப்பநிலை எவ்வளவு இருக்கும்?,temperature,ta
இன்று புனேவில் மழை பெய்யுமா?,rain,ta
आज चेन्नई मध्ये आर्द्रता किती असेल?,humidity,mr
What time does the sun rise in Bengaluru?,sunrise_sunset,en
ଚେନ୍ନାଇରେ ପବନର ବେଗ କେତେ?,wind,or
ਬੈਂਗਲੁਰੂ ਵਿੱਚ ਨਮੀ ਕਿੰਨੀ ਹੈ?,humidity,pa
उद्या मुंबई मध्ये तापमान किती असेल?,temperature,mr
बेंगलुरु में तापमान कितना है?,temperature,hi
What time is sunrise in Bengaluru?,sunrise_sunset,en
"ಚೆನ್ನೈ ಅಥವಾ ಹೈದರಾಬಾದ್, ಯಾವುದು ಹೆಚ್ಚು ತಂಪಾಗಿದೆ?",weather_comparison,kn
मुंबई के लिए कोई मौसम चेतावनी है?,weather_alert,hi
ಬೆಂಗಳೂರುನಲ್ಲಿ ತೇವಾಂಶ ಎಷ್ಟು?,humidity,kn
ਪੁਣੇ ਵਿੱਚ ਹਵਾ ਦੀ ਰਫ਼ਤਾਰ ਕਿੰਨੀ ਹੈ?,wind,pa
கொல்கத்தாவில் சூரிய அஸ்தமனம் எப்போது?,sunrise_sunset,ta
বেঙ্গালুরু এর বর্তমান আবহাওয়া কেমন?,weather_current,bn
ਅੱਜ ਕੋਲਕਾਤਾ ਵਿੱਚ ਨਮੀ ਕਿੰਨੀ ਰਹੇਗੀ?,humidity,pa
పుణెలో గాలి ఎంత వేగంగా వీస్తోంది?,wind,te
ఢిల్లీలో ఎంత తేమ ఉంది?,humidity,te
ಬೆಂಗಳೂರುಗೆ ಯಾವುದೇ ಹವಾಮಾನ ಎಚ್ಚರಿಕೆ ಇದೆಯೇ?,weather_alert,kn
హైదరాబాద్ వాతావరణ సూచన ఏమిటి?,weather_forecast,te
ભુવનેશ્વરમાં ભેજ કેટલો છે?,humidity,gu
ಭುವನೇಶ್ವರನಲ್ಲಿ ಪ್ರಸ್ತುತ ಹವಾಮಾನ ಹೇಗಿದೆ?,weather_current,kn
ಪುಣೆನಲ್ಲಿ ಗಾಳಿಯ ವೇಗ ಎಷ್ಟು?,wind,kn
हैदराबाद में मौसम की कोई चेतावनी है?,weather_alert,hi
ਕੋਲਕਾਤਾ ਵਿੱਚ ਇਸ ਵੇਲੇ ਮੌਸਮ ਕਿਹੋ ਜਿਹਾ ਹੈ?,weather_current,pa
बेंगळुरू मध्ये हवेची गुणवत्ता कशी आहे?,air_quality,mr
দিল্লি এ সূর্যাস্ত কখন?,sunrise_sunset,bn
டெல்லிவில் வெப்பநிலை எவ்வளவு?,temperature,ta
ఢిల్లీలో గాలి నాణ్యత ఎలా ఉంది?,air_quality,te
கொல்கத்தாக்கு வானிலை எச்சரிக்கை உள்ளதா?,weather_alert,ta
What is the temperature in Kolkata?,temperature,en
ఈ రోజు ముంబైలో వాతావరణం ఎలా ఉంటుంది?,weather_current,te
બેંગલુરુમાં પવનની ઝડપ કેટલી છે?,wind,gu
ਕੀ ਕੱਲ੍ਹ ਦਿੱਲੀ ਵਿੱਚ ਮੀਂਹ ਪਵੇਗਾ?,rain,pa
ఈ వారాంతంలో పుణెలో వాతావరణం ఎలా ఉంటుంది?,weather_forecast,te
हैदराबाद का वर्तमान मौसम बताओ।,weather_current,hi
புனேவில் எவ்வளவு ஈரப்பதமாக உள்ளது?,humidity,ta
ஹைதராபாத்வில் தற்போதைய வானிலை எப்படி உள்ளது?,weather_current,ta
કાલે ચેન્નાઈમાં વરસાદ પડશે?,rain,gu
चेन्नई मध्ये किती दमट आहे?,humidity,mr
આજે બેંગલુરુમાં વરસાદ પડશે?,rain,gu
நாளை பெங்களூருவில் வானிலை எப்படி இருக்கும்?,weather_forecast,ta
What time is sunrise in Mumbai?,sunrise_sunset,en
Will it rain tomorrow in Chennai?,rain,en
ਕੋਲਕਾਤਾ ਵਿੱਚ ਨਮੀ ਕਿੰਨੀ ਹੈ?,humidity,pa
ଦିଲ୍ଲୀ ପାଇଁ କୌଣସି ପାଣିପାଗ ସତର୍କତା ଅଛି କି?,weather_alert,or
How humid is it in Delhi?,humidity,en
ఈ వారాంతంలో ఢిల్లీలో వాతావరణం ఎలా ఉంటుంది?,weather_forecast,te
రేపు భువనేశ్వర్లో ఉష్ణోగ్రత ఎంత ఉంటుంది?,temperature,te
ಬೆಂಗಳೂರುನಲ್ಲಿ ಸೂರ್ಯಾಸ್ತ ಯಾವಾಗ?,sunrise_sunset,kn
ଚେନ୍ନାଇରେ ଆଜି ପାଗ କେମିତି ଅଛି?,weather_current,or
ಪುಣೆನಲ್ಲಿ ಸೂರ್ಯೋದಯ ಯಾವಾಗ?,sunrise_sunset,kn
ଆଜି ଭୁବନେଶ୍ୱରରେ ବର୍ଷା ହେବ କି?,rain,or
ବେଙ୍ଗାଲୁରୁରେ ସୂର୍ଯ୍ୟାସ୍ତ କେତେବେଳେ?,sunrise_sunset,or
मुंबई में सूर्योदय कितने बजे होगा?,sunrise_sunset,hi
ଆସନ୍ତାକାଲି ହାଇଦ୍ରାବାଦରେ ବର୍ଷା ହେବ କି?,rain,or
இன்று புவனேஸ்வர்வில் ஈரப்பதம் எவ்வளவு இருக்கும்?,humidity,ta
पुणे में तापमान कितना है?,temperature,hi
ਬੈਂਗਲੁਰੂ ਵਿੱਚ ਮੌਸਮ ਦੀ ਕੋਈ ਚੇਤਾਵਨੀ ਹੈ?,weather_alert,pa
రేపు ఢిల్లీలో వర్షం పడుతుందా?,rain,te
ভুবনেশ্বর এ বাতাস কতটা জোরে বইছে?,wind,bn
"Which is hotter, Hyderabad or Delhi?",weather_comparison,en
ਬੈਂਗਲੁਰੂ ਦਾ AQI ਕਿੰਨਾ ਹੈ?,air_quality,pa
ଚେନ୍ନାଇର ପାଗ ବିଷୟରେ କୁହନ୍ତୁ।,weather_current,or
புவனேஸ்வர்வில் இன்று வானிலை எப்படி இருக்கிறது?,weather_current,ta
હૈદરાબાદમાં પવનની ઝડપ કેટલી છે?,wind,gu
நாளை டெல்லிவில் வெப்பநிலை எவ்வளவு இருக்கும்?,temperature,ta
பெங்களூருவில் ஈரப்பதம் எவ்வளவு?,humidity,ta
हैदराबाद में सूर्यास्त कितने बजे होगा?,sunrise_sunset,hi
ଚେନ୍ନାଇରେ ଆର୍ଦ୍ରତା କେତେ?,humidity,or
చెన్నైలో వర్షం పడే అవకాశం ఉందా?,rain,te
బెంగళూరులో వర్షం పడే అవకాశం ఉందా?,rain,te
హైదరాబాద్లో ఈ రోజు వాతావరణం ఎలా ఉంది?,weather_current,te
मुंबई में सूर्यास्त कितने बजे होगा?,sunrise_sunset,hi
ಹೈದರಾಬಾದ್ನಲ್ಲಿ ಮಳೆಯ ಸಾಧ್ಯತೆ ಇದೆಯೇ?,rain,kn
హైదరాబాద్లో ఎంత తేమ ఉంది?,humidity,te
আজ চেন্নাই এর আবহাওয়া কেমন?,weather_current,bn
How strong is the wind in Kolkata?,wind,en
బెంగళూరులో ఎంత తేమ ఉంది?,humidity,te
पुणे में आर्द्रता कितनी है?,humidity,hi
ચેન્નાઈમાં આજે હવામાન કેવું છે?,weather_current,gu
How humid is it in Bhubaneswar?,humidity,en
மும்பை மற்றும் டெல்லி வானிலையை ஒப்பிடுங்கள்.,weather_comparison,ta
ಈ ವಾರಾಂತ್ಯದಲ್ಲಿ ದೆಹಲಿನಲ್ಲಿ ಹವಾಮಾನ ಹೇಗಿರುತ್ತದೆ?,weather_forecast,kn
ಇಂದು ಮುಂಬೈನಲ್ಲಿ ತೇವಾಂಶ ಎಷ್ಟು ಇರುತ್ತದೆ?,humidity,kn
दिल्ली आणि हैदराबाद पैकी कोणते शहर थंड आहे?,weather_comparison,mr
બેંગલુરુનું હાલનું હવામાન કેવું છે?,weather_current,gu
ఈ వారాంతంలో భువనేశ్వర్లో వాతావరణం ఎలా ఉంటుంది?,weather_forecast,te
हैदराबाद में सूर्यास्त कितने बजे होगा?,sunrise_sunset,hi
இன்று ஹைதராபாத்வில் ஈரப்பதம் எவ்வளவு இருக்கும்?,humidity,ta
Are there any weather alerts for Bengaluru?,weather_alert,en
কলকাতা এ বৃষ্টির সম্ভাবনা আছে কি?,rain,bn
કાલે હૈદરાબાદમાં તાપમાન કેટલું રહેશે?,temperature,gu
How hot is it in Hyderabad?,temperature,en
ଦିଲ୍ଲୀର AQI କେତେ?,air_quality,or
What is the humidity in Mumbai?,humidity,en
ಪುಣೆನಲ್ಲಿ ಎಷ್ಟು ಬಿಸಿಯಾಗಿದೆ?,temperature,kn
ಇಂದು ಕೊಲ್ಕತ್ತಾನಲ್ಲಿ ಹವಾಮಾನ ಹೇಗಿರುತ್ತದೆ?,weather_current,kn
पुणे मधील सध्याचे हवामान कसे आहे?,weather_current,mr
ਪੁਣੇ ਵਿੱਚ ਮੀਂਹ ਦੀ ਸੰਭਾਵਨਾ ਹੈ?,rain,pa
કોલકાતામાં હવામાનની કોઈ ચેતવણી છે?,weather_alert,gu
ମୁମ୍ବାଇ ଏବଂ ଭୁବନେଶ୍ୱରର ପାଗ ତୁଳନା କରନ୍ତୁ।,weather_comparison,or
Will it rain tomorrow in Kolkata?,rain,en
ମୁମ୍ବାଇରେ ବାୟୁର ଗୁଣବତ୍ତା କେମିତି?,air_quality,or
इस सप्ताह के अंत में दिल्ली में मौसम कैसा रहेगा?,weather_forecast,hi
What is the air quality in Kolkata?,air_quality,en
ଭୁବନେଶ୍ୱରରେ ବର୍ଷା ହେବାର ସମ୍ଭାବନା ଅଛି କି?,rain,or
ముంబైలో ప్రస్తుత వాతావరణం ఎలా ఉంది?,weather_current,te
கொல்கத்தாவில் காற்றின் தரம் எப்படி உள்ளது?,air_quality,ta
भुवनेश्वर में आज मौसम कैसा है?,weather_current,hi
How is the weather in Mumbai right now?,weather_current,en
पुणे और दिल्ली के मौसम की तुलना करो।,weather_comparison,hi
পুনে এর আবহাওয়ার পূর্বাভাস কী?,weather_forecast,bn
இன்று கொல்கத்தாவில் மழை பெய்யுமா?,rain,ta
ਕੱਲ੍ਹ ਪੁਣੇ ਵਿੱਚ ਮੌਸਮ ਕਿਹੋ ਜਿਹਾ ਰਹੇਗਾ?,weather_forecast,pa
કાલે બેંગલુરુમાં તાપમાન કેટલું રહેશે?,temperature,gu
আগামীকাল কলকাতা এর তাপমাত্রা কত থাকবে?,temperature,bn
மும்பைவில் எவ்வளவு ஈரப்பதமாக உள்ளது?,humidity,ta
Will it rain in Bengaluru today?,rain,en
આજે ચેન્નાઈમાં હવામાન કેવું છે?,weather_current,gu
ଚେନ୍ନାଇରେ ସୂର୍ଯ୍ୟୋଦୟ କେତେବେଳେ?,sunrise_sunset,or
How is the air quality in Hyderabad?,air_quality,en
बेंगळुरू मध्ये आज हवामान कसे आहे?,weather_current,mr
ભુવનેશ્વરમાં કેટલી ગરમી છે?,temperature,gu
हैदराबाद साठी हवामानाची कोणतीही चेतावणी आहे का?,weather_alert,mr
Are there any severe weather warnings in Chennai?,weather_alert,en
पुणे आणि भुवनेश्वर पैकी कोणते शहर थंड आहे?,weather_comparison,mr
કોલકાતામાં સૂર્યાસ્ત કેટલા વાગ્યે થાય છે?,sunrise_sunset,gu
দিল্লি এর তাপমাত্রা কত?,temperature,bn
মুম্বাই এর আবহাওয়া আমাকে বলুন।,weather_current,bn
What will the weather be like in Bengaluru tomorrow?,weather_forecast,en
ବେଙ୍ଗାଲୁରୁର ବର୍ତ୍ତମାନ ପାଗ କେମିତି?,weather_current,or
भुवनेश्वर मध्ये हवेची गुणवत्ता कशी आहे?,air_quality,mr
চেন্নাই এ বাতাস কতটা জোরে বইছে?,wind,bn
આ સપ્તાહના અંતે ચેન્નાઈમાં હવામાન કેવું રહેશે?,weather_forecast,gu
நாளை மும்பைவில் மழை பெய்யுமா?,rain,ta
பெங்களூருவில் காற்றின் வேகம் எவ்வளவு?,wind,ta
દિલ્હીમાં હવાની ગુણવત્તા કેવી છે?,air_quality,gu
ਮੁੰਬਈ ਵਿੱਚ ਹਵਾ ਕਿੰਨੀ ਤੇਜ਼ ਹੈ?,wind,pa
चेन्नई और हैदराबाद के मौसम की तुलना करो।,weather_comparison,hi
મુંબઈમાં હવાની ગુણવત્તા કેવી છે?,air_quality,gu
दिल्ली में कितनी गर्मी है?,temperature,hi
கொல்கத்தாக்கு வானிலை எச்சரிக்கை உள்ளதா?,weather_alert,ta
What is the weather like in Delhi?,weather_current,en
How strong is the wind in Chennai?,wind,en
హైదరాబాద్లో గాలి నాణ్యత ఎలా ఉంది?,air_quality,te
कोलकाता आणि पुणे मधील हवामानाची तुलना करा.,weather_comparison,mr
చెన్నైలో వర్షం పడే అవకాశం ఉందా?,rain,te
દિલ્હીમાં સૂર્યોદય કેટલા વાગ્યે થાય છે?,sunrise_sunset,gu
हैदराबाद आणि भुवनेश्वर पैकी कोणते शहर थंड आहे?,weather_comparison,mr
मुंबई मध्ये सूर्योदय किती वाजता होतो?,sunrise_sunset,mr
Are there any severe weather warnings in Delhi?,weather_alert,en
बेंगलुरु में नमी कितनी है?,humidity,hi
ହାଇଦ୍ରାବାଦରେ ବର୍ଷା ହେବାର ସମ୍ଭାବନା ଅଛି କି?,rain,or
బెంగళూరులో ఈ రోజు వాతావరణం ఎలా ఉంది?,weather_current,te
ਕੀ ਅੱਜ ਪੁਣੇ ਵਿੱਚ ਮੀਂਹ ਪਵੇਗਾ?,rain,pa
বেঙ্গালুরু এর বর্তমান আবহাওয়া কেমন?,weather_current,bn
दिल्ली मध्ये पावसाची शक्यता आहे का?,rain,mr
Is rain expected in Hyderabad?,rain,en
कोलकाता मध्ये आर्द्रता किती आहे?,humidity,mr
કાલે હૈદરાબાદમાં હવામાન કેવું રહેશે?,weather_forecast,gu
ముంబైలో ఈ రోజు వాతావరణం ఎలా ఉంది?,weather_current,te
उद्या कोलकाता मध्ये पाऊस पडेल का?,rain,mr
புவனேஸ்வர்வில் மழைக்கு வாய்ப்பு உள்ளதா?,rain,ta
પુણે માટે કોઈ હવામાન ચેતવણી છે?,weather_alert,gu
ஹைதராபாத்வில் சூரிய அஸ்தமனம் எப்போது?,sunrise_sunset,ta
मुंबई में बारिश की संभावना है?,rain,hi
पुणे में आज मौसम कैसा है?,weather_current,hi
मुंबई का मौसम पूर्वानुमान बताओ।,weather_forecast,hi
પુણેનો AQI કેટલો છે?,air_quality,gu
কলকাতা এবং মুম্বাই এর আবহাওয়ার তুলনা করুন।,weather_comparison,bn
हैदराबाद आणि भुवनेश्वर पैकी कोणते शहर थंड आहे?,weather_comparison,mr
ಮುಂಬೈನಲ್ಲಿ ಎಷ್ಟು ಬಿಸಿಯಾಗಿದೆ?,temperature,kn
ఢిల్లీలో ఈ రోజు వాతావరణం ఎలా ఉంది?,weather_current,te
ਕੀ ਅੱਜ ਦਿੱਲੀ ਵਿੱਚ ਮੀਂਹ ਪਵੇਗਾ?,rain,pa
ಭುವನೇಶ್ವರನಲ್ಲಿ ಗಾಳಿಯ ಗುಣಮಟ್ಟ ಹೇಗಿದೆ?,air_quality,kn
హైదరాబాద్కి వాతావరణ హెచ్చరికలు ఏమైనా ఉన్నాయా?,weather_alert,te
How is the weather in Delhi right now?,weather_current,en
बेंगळुरू मध्ये हवामानाचा इशारा आहे का?,weather_alert,mr
How hot is it in Bengaluru?,temperature,en
मुंबई मध्ये आज हवामान कसे आहे?,weather_current,mr
ముంబైకి వాతావరణ హెచ్చరికలు ఏమైనా ఉన్నాయా?,weather_alert,te
How will the weather be in Kolkata this weekend?,weather_forecast,en
ભુવનેશ્વરમાં હવામાનની કોઈ ચેતવણી છે?,weather_alert,gu
বেঙ্গালুরু এবং চেন্নাই এর আবহাওয়ার তুলনা করুন।,weather_comparison,bn
कोलकाता मध्ये किती दमट आहे?,humidity,mr
मुंबई के लिए कोई मौसम चेतावनी है?,weather_alert,hi
రేపు ముంబైలో ఉష్ణోగ్రత ఎంత ఉంటుంది?,temperature,te
मुंबई में हवा कितनी तेज है?,wind,hi
આજે બેંગલુરુમાં ભેજ કેટલો રહેશે?,humidity,gu
சென்னைவில் வெப்பநிலை எவ்வளவு?,temperature,ta
ಬೆಂಗಳೂರು ಹವಾಮಾನ ಮುನ್ಸೂಚನೆ ಏನು?,weather_forecast,kn
కోల్‌కతాలో గాలి నాణ్యత ఎలా ఉంది?,air_quality,te
"ಹೈದರಾಬಾದ್ ಅಥವಾ ದೆಹಲಿ, ಯಾವುದು ಹೆಚ್ಚು ತಂಪಾಗಿದೆ?",weather_comparison,kn
उद्या दिल्ली मध्ये हवामान कसे असेल?,weather_forecast,mr
આજે હૈદરાબાદમાં હવામાન કેવું છે?,weather_current,gu
ଚେନ୍ନାଇ ଏବଂ ପୁଣେର ପାଗ ତୁଳନା କରନ୍ତୁ।,weather_comparison,or
இன்று டெல்லிவில் ஈரப்பதம் எவ்வளவு இருக்கும்?,humidity,ta
ਪੁਣੇ ਵਿੱਚ ਕਿੰਨੀ ਨਮੀ ਹੈ?,humidity,pa
आज मुंबई मध्ये पाऊस पडेल का?,rain,mr
హైదరాబాద్ వాతావరణ సూచన ఏమిటి?,weather_forecast,te
मुंबई मध्ये हवेची गुणवत्ता कशी आहे?,air_quality,mr
ಇಂದು ಹೈದರಾಬಾದ್ನಲ್ಲಿ ಮಳೆ ಬೀಳುತ್ತದೆಯೇ?,rain,kn
What is the wind speed in Bengaluru?,wind,en
मुंबई मध्ये वारा किती जोरात आहे?,wind,mr
ఈ రోజు ముంబైలో తేమ ఎంత ఉంటుంది?,humidity,te
क्या आज पुणे में बारिश होगी?,rain,hi
புவனேஸ்வர்வில் காற்று எவ்வளவு வேகமாக வீசுகிறது?,wind,ta
What is the weather forecast for Mumbai?,weather_forecast,en
এই সপ্তাহান্তে ভুবনেশ্বর এর আবহাওয়া কেমন হবে?,weather_forecast,bn
भुवनेश्वर में आज मौसम कैसा है?,weather_current,hi
মুম্বাই এর আবহাওয়ার পূর্বাভাস কী?,weather_forecast,bn
ଆସନ୍ତାକାଲି ଦିଲ୍ଲୀରେ ବର୍ଷା ହେବ କି?,rain,or
ದೆಹಲಿನಲ್ಲಿ ತಾಪಮಾನ ಎಷ್ಟು?,temperature,kn
"ବେଙ୍ଗାଲୁରୁ ନା ଦିଲ୍ଲୀ, କେଉଁଠି ଅଧିକ ଥଣ୍ଡା?",weather_comparison,or
ଆଜି ମୁମ୍ବାଇରେ ବର୍ଷା ହେବ କି?,rain,or
ହାଇଦ୍ରାବାଦରେ ପବନର ବେଗ କେତେ?,wind,or
Are there any weather alerts for Pune?,weather_alert,en
மும்பைவில் காற்றின் வேகம் எவ்வளவு?,wind,ta
இன்று டெல்லிவில் வானிலை எப்படி இருக்கும்?,weather_current,ta
ਕੱਲ੍ਹ ਪੁਣੇ ਵਿੱਚ ਤਾਪਮਾਨ ਕਿੰਨਾ ਰਹੇਗਾ?,temperature,pa
ਭੁਵਨੇਸ਼ਵਰ ਵਿੱਚ ਕਿੰਨੀ ਨਮੀ ਹੈ?,humidity,pa
"ଚେନ୍ନାଇ ନା ବେଙ୍ଗାଲୁରୁ, କେଉଁଠି ଅଧିକ ଥଣ୍ଡା?",weather_comparison,or
आज मुंबई में नमी कितनी रहेगी?,humidity,hi
டெல்லிவில் சூரிய அஸ்தமனம் எப்போது?,sunrise_sunset,ta
মুম্বাই এবং বেঙ্গালুরু এর আবহাওয়ার তুলনা করুন।,weather_comparison,bn
பெங்களூருவில் தற்போதைய வானிலை எப்படி உள்ளது?,weather_current,ta
ભુવનેશ્વરમાં પવનની ઝડપ કેટલી છે?,wind,gu
আগামীকাল কি দিল্লি এ বৃষ্টি হবে?,rain,bn
भुवनेश्वर के लिए कोई मौसम चेतावनी है?,weather_alert,hi
ଭୁବନେଶ୍ୱରରେ ବର୍ଷା ହେବାର ସମ୍ଭାବନା ଅଛି କି?,rain,or
Tell me the temperature in Bhubaneswar.,temperature,en
আজ কি কলকাতা এ বৃষ্টি হবে?,rain,bn
ਕੱਲ੍ਹ ਦਿੱਲੀ ਵਿੱਚ ਮੌਸਮ ਕਿਹੋ ਜਿਹਾ ਰਹੇਗਾ?,weather_forecast,pa
बेंगळुरू मध्ये आर्द्रता किती आहे?,humidity,mr
আগামীকাল কলকাতা এর আবহাওয়া কেমন থাকবে?,weather_forecast,bn
କୋଲକାତାରେ ପବନର ବେଗ କେତେ?,wind,or
What is the air quality in Chennai?,air_quality,en
ਭੁਵਨੇਸ਼ਵਰ ਦਾ ਮੌਸਮ ਪੂਰਵ ਅਨੁਮਾਨ ਕੀ ਹੈ?,weather_forecast,pa
ಇಂದು ಕೊಲ್ಕತ್ತಾನಲ್ಲಿ ಹವಾಮಾನ ಹೇಗಿರುತ್ತದೆ?,weather_current,kn
आज चेन्नई में नमी कितनी रहेगी?,humidity,hi
આ સપ્તાહના અંતે મુંબઈમાં હવામાન કેવું રહેશે?,weather_forecast,gu
ଭୁବନେଶ୍ୱରରେ ବର୍ଷା ହେବାର ସମ୍ଭାବନା ଅଛି କି?,rain,or
ਕੀ ਅੱਜ ਦਿੱਲੀ ਵਿੱਚ ਮੀਂਹ ਪਵੇਗਾ?,rain,pa
"Which is hotter, Hyderabad or Delhi?",weather_comparison,en
What will the temperature be in Chennai tomorrow?,temperature,en
कोलकाता मध्ये आज हवामान कसे आहे?,weather_current,mr
How windy is it in Hyderabad?,wind,en
बेंगळुरू मध्ये किती उष्णता आहे?,temperature,mr
চেন্নাই এ বাতাস কতটা জোরে বইছে?,wind,bn
బెంగళూరు మరియు ముంబై వాతావరణాన్ని పోల్చండి.,weather_comparison,te
ଆସନ୍ତାକାଲି ଭୁବନେଶ୍ୱରରେ ବର୍ଷା ହେବ କି?,rain,or
"Which is hotter, Kolkata or Pune?",weather_comparison,en
What is the wind speed in Delhi?,wind,en
भुवनेश्वर मध्ये हवेची गुणवत्ता कशी आहे?,air_quality,mr
How windy is it in Bengaluru?,wind,en
చెన్నైలో వాతావరణ హెచ్చరిక ఉందా?,weather_alert,te
What time does the sun rise in Pune?,sunrise_sunset,en
How hot is it in Bhubaneswar?,temperature,en
আগামীকাল কি পুনে এ বৃষ্টি হবে?,rain,bn
ਪੁਣੇ ਵਿੱਚ ਅੱਜ ਮੌਸਮ ਕਿਹੋ ਜਿਹਾ ਹੈ?,weather_current,pa
હૈદરાબાદ અને ચેન્નાઈના હવામાનની તુલના કરો.,weather_comparison,gu
आज भुवनेश्वर में मौसम कैसा रहेगा?,weather_current,hi
ಮುಂಬೈನಲ್ಲಿ ಇಂದು ಹವಾಮಾನ ಹೇಗಿದೆ?,weather_current,kn
ਚੇਨਈ ਵਿੱਚ ਤਾਪਮਾਨ ਕਿੰਨਾ ਹੈ?,temperature,pa
చెన్నైకి వాతావరణ హెచ్చరికలు ఏమైనా ఉన్నాయా?,weather_alert,te
क्या कल मुंबई में बारिश होगी?,rain,hi
ಬೆಂಗಳೂರುನಲ್ಲಿ ಹವಾಮಾನ ಎಚ್ಚರಿಕೆ ಇದೆಯೇ?,weather_alert,kn
What will the humidity be in Delhi?,humidity,en
कल पुणे में तापमान कितना रहेगा?,temperature,hi
ચેન્નાઈમાં કેટલી ભેજ છે?,humidity,gu
मुंबई आणि चेन्नई मधील हवामानाची तुलना करा.,weather_comparison,mr
ಕೊಲ್ಕತ್ತಾನಲ್ಲಿ ತಾಪಮಾನ ಎಷ್ಟು?,temperature,kn
ଚେନ୍ନାଇରେ ଆଜି ପାଗ କେମିତି ଅଛି?,weather_current,or
कोलकाता और मुंबई के मौसम की तुलना करो।,weather_comparison,hi
भुवनेश्वर मधील सध्याचे हवामान कसे आहे?,weather_current,mr
भुवनेश्वर मध्ये हवेची गुणवत्ता कशी आहे?,air_quality,mr
How is the weather in Bhubaneswar right now?,weather_current,en
चेन्नई में हवा कितनी तेज है?,wind,hi
ਇਸ ਹਫ਼ਤੇ ਦੇ ਅੰਤ ਵਿੱਚ ਦਿੱਲੀ ਵਿੱਚ ਮੌਸਮ ਕਿਹੋ ਜਿਹਾ ਰਹੇਗਾ?,weather_forecast,pa
पुणे चा AQI किती आहे?,air_quality,mr
ಬೆಂಗಳೂರುನಲ್ಲಿ ಎಷ್ಟು ತೇವಾಂಶ ಇದೆ?,humidity,kn
আগামীকাল কলকাতা এর আবহাওয়া কেমন থাকবে?,weather_forecast,bn
ଆଜି ମୁମ୍ବାଇର ଆର୍ଦ୍ରତା କେତେ ରହିବ?,humidity,or
हैदराबाद में नमी कितनी है?,humidity,hi
ਚੇਨਈ ਵਿੱਚ ਤਾਪਮਾਨ ਕਿੰਨਾ ਹੈ?,temperature,pa
ಕೊಲ್ಕತ್ತಾನಲ್ಲಿ ಗಾಳಿಯ ಗುಣಮಟ್ಟ ಹೇಗಿದೆ?,air_quality,kn
ఈ రోజు భువనేశ్వర్లో వాతావరణం ఎలా ఉంటుంది?,weather_current,te
हैदराबाद चे हवामान अंदाज सांगा.,weather_forecast,mr
రేపు ఢిల్లీలో వాతావరణం ఎలా ఉంటుంది?,weather_forecast,te
ముంబైలో వాతావరణ హెచ్చరిక ఉందా?,weather_alert,te
ଦିଲ୍ଲୀରେ ବର୍ଷା ହେବାର ସମ୍ଭାବନା ଅଛି କି?,rain,or
ભુવનેશ્વરમાં આજે હવામાન કેવું છે?,weather_current,gu
उद्या मुंबई मध्ये पाऊस पडेल का?,rain,mr
पुणे में हवा की गति कितनी है?,wind,hi
ನಾಳೆ ಚೆನ್ನೈನಲ್ಲಿ ಹವಾಮಾನ ಹೇಗಿರುತ್ತದೆ?,weather_forecast,kn
ਚੇਨਈ ਲਈ ਕੋਈ ਮੌਸਮ ਚੇਤਾਵਨੀ ਹੈ?,weather_alert,pa
ಪುಣೆನಲ್ಲಿ ಪ್ರಸ್ತುತ ಹವಾಮಾನ ಹೇಗಿದೆ?,weather_current,kn
భువనేశ్వర్లో ఎంత వేడిగా ఉంది?,temperature,te
What will the humidity be in Chennai?,humidity,en
ਦਿੱਲੀ ਵਿੱਚ ਮੌਸਮ ਦੀ ਕੋਈ ਚੇਤਾਵਨੀ ਹੈ?,weather_alert,pa
"ಮುಂಬೈ ಅಥವಾ ಚೆನ್ನೈ, ಯಾವುದು ಹೆಚ್ಚು ತಂಪಾಗಿದೆ?",weather_comparison,kn
कोलकाता और मुंबई के मौसम की तुलना करो।,weather_comparison,hi
चेन्नई में कितनी गर्मी है?,temperature,hi
આ સપ્તાહના અંતે ભુવનેશ્વરમાં હવામાન કેવું રહેશે?,weather_forecast,gu
ಚೆನ್ನೈ ಹವಾಮಾನ ಮುನ್ಸೂಚನೆ ಏನು?,weather_forecast,kn
दिल्ली चा AQI किती आहे?,air_quality,mr
কলকাতা এর AQI কত?,air_quality,bn
কলকাতা এর জন্য কোনো আবহাওয়া সতর্কতা আছে?,weather_alert,bn
ಹೈದರಾಬಾದ್ನಲ್ಲಿ ತೇವಾಂಶ ಎಷ್ಟು?,humidity,kn
டெல்லி வானிலை முன்னறிவிப்பு என்ன?,weather_forecast,ta
आज भुवनेश्वर में नमी कितनी रहेगी?,humidity,hi
ಈ ವಾರಾಂತ್ಯದಲ್ಲಿ ಚೆನ್ನೈನಲ್ಲಿ ಹವಾಮಾನ ಹೇಗಿರುತ್ತದೆ?,weather_forecast,kn
ভুবনেশ্বর এ সূর্যাস্ত কখন?,sunrise_sunset,bn
Compare the weather in Bengaluru and Delhi.,weather_comparison,en
ଭୁବନେଶ୍ୱର ପାଇଁ କୌଣସି ପାଣିପାଗ ସତର୍କତା ଅଛି କି?,weather_alert,or
What time is sunrise in Bhubaneswar?,sunrise_sunset,en
আজ হায়দ্রাবাদ এর আবহাওয়া কেমন?,weather_current,bn
বেঙ্গালুরু এ আজ আবহাওয়া কেমন?,weather_current,bn
आज हैदराबाद चे हवामान कसे आहे?,weather_current,mr
How is the weather today in Kolkata?,weather_current,en
ನಾಳೆ ದೆಹಲಿನಲ್ಲಿ ಹವಾಮಾನ ಹೇಗಿರುತ್ತದೆ?,weather_forecast,kn
ಇಂದು ಭುವನೇಶ್ವರನಲ್ಲಿ ಹವಾಮಾನ ಹೇಗಿರುತ್ತದೆ?,weather_current,kn
भुवनेश्वर का वर्तमान मौसम बताओ।,weather_current,hi
ਭੁਵਨੇਸ਼ਵਰ ਵਿੱਚ ਕਿੰਨੀ ਗਰਮੀ ਹੈ?,temperature,pa
चेन्नई आणि दिल्ली पैकी कोणते शहर थंड आहे?,weather_comparison,mr
ನಾಳೆ ಚೆನ್ನೈನಲ್ಲಿ ಹವಾಮಾನ ಹೇಗಿರುತ್ತದೆ?,weather_forecast,kn
ଆଜି ମୁମ୍ବାଇର ପାଗ କେମିତି?,weather_current,or
Will it rain tomorrow in Kolkata?,rain,en
పుణెలో సూర్యాస్తమయం ఎప్పుడు?,sunrise_sunset,te
Is rain expected in Hyderabad?,rain,en
ಚೆನ್ನೈನಲ್ಲಿ ಗಾಳಿ ಎಷ್ಟು ವೇಗವಾಗಿ ಬೀಸುತ್ತಿದೆ?,wind,kn
दिल्ली मध्ये वाऱ्याचा वेग किती आहे?,wind,mr
आज मुंबई चे हवामान कसे आहे?,weather_current,mr
What is the air quality in Kolkata?,air_quality,en
આજે દિલ્હીમાં હવામાન કેવું છે?,weather_current,gu
ਹੈਦਰਾਬਾਦ ਵਿੱਚ ਮੌਸਮ ਦੀ ਕੋਈ ਚੇਤਾਵਨੀ ਹੈ?,weather_alert,pa
আগামীকাল কি মুম্বাই এ বৃষ্টি হবে?,rain,bn
இன்று சென்னைவில் ஈரப்பதம் எவ்வளவு இருக்கும்?,humidity,ta
Tell me the temperature in Hyderabad.,temperature,en
What weather can I expect in Kolkata tomorrow?,weather_forecast,en
ನಾಳೆ ಮುಂಬೈನಲ್ಲಿ ತಾಪಮಾನ ಎಷ್ಟು ಇರುತ್ತದೆ?,temperature,kn
டெல்லிவில் எவ்வளவு ஈரப்பதமாக உள்ளது?,humidity,ta
મુંબઈમાં સૂર્યોદય કેટલા વાગ્યે થાય છે?,sunrise_sunset,gu
दिल्ली में आर्द्रता कितनी है?,humidity,hi
इस सप्ताह के अंत में दिल्ली में मौसम कैसा रहेगा?,weather_forecast,hi
বেঙ্গালুরু এ বাতাসের গতি কত?,wind,bn
హైదరాబాద్లో ఎంత వేడిగా ఉంది?,temperature,te
Give me the weather forecast for Chennai.,weather_forecast,en
What is the humidity in Mumbai?,humidity,en
मुंबई में हवा कितनी तेज है?,wind,hi
કોલકાતા માટે કોઈ હવામાન ચેતવણી છે?,weather_alert,gu
How is the air quality in Bengaluru?,air_quality,en
புவனேஸ்வர் வானிலை முன்னறிவிப்பு என்ன?,weather_forecast,ta
आज बेंगलुरु में नमी कितनी रहेगी?,humidity,hi
চেন্নাই এ সূর্যাস্ত কখন?,sunrise_sunset,bn
ਅੱਜ ਪੁਣੇ ਵਿੱਚ ਨਮੀ ਕਿੰਨੀ ਰਹੇਗੀ?,humidity,pa
भुवनेश्वर चा AQI किती आहे?,air_quality,mr
ଭୁବନେଶ୍ୱରରେ କେତେ ଗରମ ଅଛି?,temperature,or
દિલ્હીમાં હવાની ગુણવત્તા કેવી છે?,air_quality,gu
दिल्ली का मौसम पूर्वानुमान बताओ।,weather_forecast,hi
ଦିଲ୍ଲୀରେ ଆର୍ଦ୍ରତା କେତେ?,humidity,or
भुवनेश्वर चा AQI किती आहे?,air_quality,mr
मुंबई मध्ये किती उष्णता आहे?,temperature,mr
"ஹைதராபாத் அல்லது மும்பை, எது குளிராக உள்ளது?",weather_comparison,ta
ਕੋਲਕਾਤਾ ਅਤੇ ਬੈਂਗਲੁਰੂ ਦੇ ਮੌਸਮ ਦੀ ਤੁਲਨਾ ਕਰੋ।,weather_comparison,pa
ఈ రోజు పుణెలో వాతావరణం ఎలా ఉంటుంది?,weather_current,te
சென்னைவில் எவ்வளவு வெப்பமாக உள்ளது?,temperature,ta
சென்னைவில் சூரிய அஸ்தமனம் எப்போது?,sunrise_sunset,ta
ನಾಳೆ ಕೊಲ್ಕತ್ತಾನಲ್ಲಿ ಹವಾಮಾನ ಹೇಗಿರುತ್ತದೆ?,weather_forecast,kn
ହାଇଦ୍ରାବାଦର ପାଗ ପୂର୍ବାନୁମାନ କଣ?,weather_forecast,or
कोलकाता में हवा की गति कितनी है?,wind,hi
દિલ્હીમાં હવાની ગુણવત્તા કેવી છે?,air_quality,gu
ଚେନ୍ନାଇ ଏବଂ ପୁଣେର ପାଗ ତୁଳନା କରନ୍ତୁ।,weather_comparison,or
மும்பைவில் சூரிய உதயம் எப்போது?,sunrise_sunset,ta
Compare the weather in Pune and Mumbai.,weather_comparison,en
ভুবনেশ্বর এ বাতাস কতটা জোরে বইছে?,wind,bn
ਚੇਨਈ ਵਿੱਚ ਸੂਰਜ ਕਿੰਨੇ ਵਜੇ ਡੁੱਬਦਾ ਹੈ?,sunrise_sunset,pa
ನಾಳೆ ಮುಂಬೈನಲ್ಲಿ ಮಳೆ ಬೀಳುತ್ತದೆಯೇ?,rain,kn
उद्या पुणे मध्ये पाऊस पडेल का?,rain,mr
कोलकाता साठी हवामानाची कोणतीही चेतावणी आहे का?,weather_alert,mr
ಪುಣೆನಲ್ಲಿ ಸೂರ್ಯೋದಯ ಯಾವಾಗ?,sunrise_sunset,kn
बेंगलुरु में आज मौसम कैसा है?,weather_current,hi
இன்று மும்பைவில் வானிலை எப்படி இருக்கும்?,weather_current,ta
ਬੈਂਗਲੁਰੂ ਦਾ AQI ਕਿੰਨਾ ਹੈ?,air_quality,pa
ముంబైలో సూర్యాస్తమయం ఎప్పుడు?,sunrise_sunset,te
आज दिल्ली मध्ये आर्द्रता किती असेल?,humidity,mr
ବେଙ୍ଗାଲୁରୁର AQI କେତେ?,air_quality,or
मुंबई मधील सध्याचे हवामान कसे आहे?,weather_current,mr
When is sunset in Pune?,sunrise_sunset,en
ਇਸ ਹਫ਼ਤੇ ਦੇ ਅੰਤ ਵਿੱਚ ਭੁਵਨੇਸ਼ਵਰ ਵਿੱਚ ਮੌਸਮ ਕਿਹੋ ਜਿਹਾ ਰਹੇਗਾ?,weather_forecast,pa
What will the humidity be in Bhubaneswar?,humidity,en
ਮੁੰਬਈ ਵਿੱਚ ਇਸ ਵੇਲੇ ਮੌਸਮ ਕਿਹੋ ਜਿਹਾ ਹੈ?,weather_current,pa
उद्या भुवनेश्वर मध्ये तापमान किती असेल?,temperature,mr
बेंगळुरू मध्ये आर्द्रता किती आहे?,humidity,mr
இன்று டெல்லிவில் ஈரப்பதம் எவ்வளவு இருக்கும்?,humidity,ta
"Which is hotter, Hyderabad or Delhi?",weather_comparison,en
ಮುಂಬೈನಲ್ಲಿ ಮಳೆಯ ಸಾಧ್ಯತೆ ಇದೆಯೇ?,rain,kn
ஹைதராபாத் வானிலை முன்னறிவிப்பு என்ன?,weather_forecast,ta
કાલે દિલ્હીમાં વરસાદ પડશે?,rain,gu
ఢిల్లీలో సూర్యోదయం ఎప్పుడు?,sunrise_sunset,te
How is the weather today in Delhi?,weather_current,en
ବେଙ୍ଗାଲୁରୁର ପାଗ ପୂର୍ବାନୁମାନ କଣ?,weather_forecast,or
Tell me the current weather in Chennai.,weather_current,en
"Which is hotter, Bengaluru or Hyderabad?",weather_comparison,en
इस सप्ताह के अंत में भुवनेश्वर में मौसम कैसा रहेगा?,weather_forecast,hi
ਮੁੰਬਈ ਵਿੱਚ ਮੀਂਹ ਦੀ ਸੰਭਾਵਨਾ ਹੈ?,rain,pa
ఢిల్లీ AQI ఎంత?,air_quality,te
ਪੁਣੇ ਲਈ ਕੋਈ ਮੌਸਮ ਚੇਤਾਵਨੀ ਹੈ?,weather_alert,pa
कोलकाता में मौसम की कोई चेतावनी है?,weather_alert,hi
Give me the weather forecast for Hyderabad.,weather_forecast,en
କୋଲକାତାରେ କେତେ ଆର୍ଦ୍ରତା ଅଛି?,humidity,or
ହାଇଦ୍ରାବାଦରେ ବର୍ଷା ହେବାର ସମ୍ଭାବନା ଅଛି କି?,rain,or
కోల్‌కతాలో గాలి ఎంత వేగంగా వీస్తోంది?,wind,te
పుణెలో ఎంత తేమ ఉంది?,humidity,te
মুম্বাই এর বায়ুর মান কেমন?,air_quality,bn
హైదరాబాద్కి వాతావరణ హెచ్చరికలు ఏమైనా ఉన్నాయా?,weather_alert,te
Give me the weather forecast for Hyderabad.,weather_forecast,en
कोलकाता और बेंगलुरु में किसका मौसम बेहतर है?,weather_comparison,hi
How is the air quality in Mumbai?,air_quality,en
દિલ્હી અને બેંગલુરુમાંથી કયું વધુ ઠંડું છે?,weather_comparison,gu
उद्या पुणे मध्ये तापमान किती असेल?,temperature,mr
ଆସନ୍ତାକାଲି ଦିଲ୍ଲୀରେ ବର୍ଷା ହେବ କି?,rain,or
कोलकाता में अभी मौसम कैसा है?,weather_current,hi
ਦਿੱਲੀ ਵਿੱਚ ਮੌਸਮ ਦੀ ਕੋਈ ਚੇਤਾਵਨੀ ਹੈ?,weather_alert,pa
What is the temperature in Kolkata?,temperature,en
ಬೆಂಗಳೂರುನಲ್ಲಿ ಎಷ್ಟು ತೇವಾಂಶ ಇದೆ?,humidity,kn
What will the humidity be in Bhubaneswar?,humidity,en
মুম্বাই এর আবহাওয়া আমাকে বলুন।,weather_current,bn
मुंबई और पुणे के मौसम की तुलना करो।,weather_comparison,hi
ଏହି ସପ୍ତାହ ଶେଷରେ ଚେନ୍ନାଇର ପାଗ କେମିତି ରହିବ?,weather_forecast,or
બેંગલુરુમાં વરસાદની શક્યતા છે?,rain,gu
आज भुवनेश्वर मध्ये आर्द्रता किती असेल?,humidity,mr
ಮುಂಬೈನಲ್ಲಿ ಮಳೆಯ ಸಾಧ್ಯತೆ ಇದೆಯೇ?,rain,kn
आज कोलकाता मध्ये पाऊस पडेल का?,rain,mr
ଭୁବନେଶ୍ୱରରେ ପବନ କେତେ ଜୋରରେ ବହୁଛି?,wind,or
चेन्नई मध्ये वारा किती जोरात आहे?,wind,mr
ಹೈದರಾಬಾದ್ ಮತ್ತು ಭುವನೇಶ್ವರ ಹವಾಮಾನವನ್ನು ಹೋಲಿಸಿ.,weather_comparison,kn
రేపు హైదరాబాద్లో ఉష్ణోగ్రత ఎంత ఉంటుంది?,temperature,te
कोलकाता में आज मौसम कैसा है?,weather_current,hi
চেন্নাই এর জন্য কোনো আবহাওয়া সতর্কতা আছে?,weather_alert,bn
આજે હૈદરાબાદમાં વરસાદ પડશે?,rain,gu
आज दिल्ली में नमी कितनी रहेगी?,humidity,hi
बेंगळुरू मध्ये पावसाची शक्यता आहे का?,rain,mr
కోల్‌కతాకి వాతావరణ హెచ్చరికలు ఏమైనా ఉన్నాయా?,weather_alert,te
நாளை கொல்கத்தாவில் மழை பெய்யுமா?,rain,ta
ఈ రోజు చెన్నైలో వాతావరణం ఎలా ఉంటుంది?,weather_current,te
मुंबई मध्ये सूर्यास्त किती वाजता होतो?,sunrise_sunset,mr
ପୁଣେରେ ପବନର ବେଗ କେତେ?,wind,or
आज चेन्नई मध्ये पाऊस पडेल का?,rain,mr
ଆଜି ଭୁବନେଶ୍ୱରରେ ବର୍ଷା ହେବ କି?,rain,or
ಹೈದರಾಬಾದ್ ಮತ್ತು ಭುವನೇಶ್ವರ ಹವಾಮಾನವನ್ನು ಹೋಲಿಸಿ.,weather_comparison,kn
How windy is it in Mumbai?,wind,en
भुवनेश्वर में आज मौसम कैसा है?,weather_current,hi
ಇಂದು ಪುಣೆನಲ್ಲಿ ಮಳೆ ಬೀಳುತ್ತದೆಯೇ?,rain,kn
બેંગલુરુમાં પવન કેટલો ઝડપી છે?,wind,gu
కోల్‌కతా వాతావరణ సూచన ఏమిటి?,weather_forecast,te
আজ ভুবনেশ্বর এর আবহাওয়া কেমন?,weather_current,bn
பெங்களூருவில் காற்று எவ்வளவு வேகமாக வீசுகிறது?,wind,ta
কলকাতা এর আবহাওয়া আমাকে বলুন।,weather_current,bn
What is the weather forecast for Hyderabad?,weather_forecast,en
டெல்லிவில் தற்போதைய வானிலை எப்படி உள்ளது?,weather_current,ta
कल भुवनेश्वर में मौसम कैसा रहेगा?,weather_forecast,hi
कोलकाता मध्ये सूर्योदय किती वाजता होतो?,sunrise_sunset,mr
రేపు బెంగళూరులో వాతావరణం ఎలా ఉంటుంది?,weather_forecast,te
পুনে এ সূর্যোদয় কখন?,sunrise_sunset,bn
What is the air quality in Pune?,air_quality,en
கொல்கத்தாவில் ஈரப்பதம் எவ்வளவு?,humidity,ta
આ સપ્તાહના અંતે કોલકાતામાં હવામાન કેવું રહેશે?,weather_forecast,gu
What time does the sun rise in Kolkata?,sunrise_sunset,en
"Which is hotter, Mumbai or Chennai?",weather_comparison,en
ಚೆನ್ನೈನಲ್ಲಿ ಎಷ್ಟು ಬಿಸಿಯಾಗಿದೆ?,temperature,kn
ಚೆನ್ನೈನಲ್ಲಿ ಎಷ್ಟು ಬಿಸಿಯಾಗಿದೆ?,temperature,kn
पुणे और दिल्ली के मौसम की तुलना करो।,weather_comparison,hi
दिल्ली में अभी मौसम कैसा है?,weather_current,hi
ਕੱਲ੍ਹ ਪੁਣੇ ਵਿੱਚ ਤਾਪਮਾਨ ਕਿੰਨਾ ਰਹੇਗਾ?,temperature,pa
ভুবনেশ্বর এর AQI কত?,air_quality,bn
मुंबई मध्ये किती दमट आहे?,humidity,mr
ಭುವನೇಶ್ವರ ಮತ್ತು ಮುಂಬೈ ಹವಾಮಾನವನ್ನು ಹೋಲಿಸಿ.,weather_comparison,kn
When is sunset in Bhubaneswar?,sunrise_sunset,en
પુણેમાં ભેજ કેટલો છે?,humidity,gu
ચેન્નાઈમાં કેટલી ભેજ છે?,humidity,gu
আগামীকাল কি মুম্বাই এ বৃষ্টি হবে?,rain,bn
What is the air quality in Chennai?,air_quality,en
ଆସନ୍ତାକାଲି କୋଲକାତାରେ ବର୍ଷା ହେବ କି?,rain,or
दिल्ली के लिए कोई मौसम चेतावनी है?,weather_alert,hi
கொல்கத்தாவில் ஈரப்பதம் எவ்வளவு?,humidity,ta
কলকাতা এর বর্তমান আবহাওয়া কেমন?,weather_current,bn
ಹೈದರಾಬಾದ್ನಲ್ಲಿ ಎಷ್ಟು ಬಿಸಿಯಾಗಿದೆ?,temperature,kn
दिल्ली में तापमान कितना है?,temperature,hi
బెంగళూరులో ఉష్ణోగ్రత ఎంత?,temperature,te
ಚೆನ್ನೈನಲ್ಲಿ ತೇವಾಂಶ ಎಷ್ಟು?,humidity,kn
आज हैदराबाद में मौसम कैसा रहेगा?,weather_current,hi
நாளை மும்பைவில் வெப்பநிலை எவ்வளவு இருக்கும்?,temperature,ta
How hot is it in Delhi?,temperature,en
हैदराबाद में हवा कितनी तेज है?,wind,hi
రేపు ఢిల్లీలో వాతావరణం ఎలా ఉంటుంది?,weather_forecast,te
મુંબઈમાં હવામાનની કોઈ ચેતવણી છે?,weather_alert,gu
ಪುಣೆನಲ್ಲಿ ಪ್ರಸ್ತುತ ಹವಾಮಾನ ಹೇಗಿದೆ?,weather_current,kn
আগামীকাল কি পুনে এ বৃষ্টি হবে?,rain,bn
ಇಂದು ಪುಣೆನಲ್ಲಿ ತೇವಾಂಶ ಎಷ್ಟು ಇರುತ್ತದೆ?,humidity,kn
ಮುಂಬೈನಲ್ಲಿ ಮಳೆಯ ಸಾಧ್ಯತೆ ಇದೆಯೇ?,rain,kn
டெல்லி வானிலை முன்னறிவிப்பு என்ன?,weather_forecast,ta
ఢిల్లీ వాతావరణ సూచన ఏమిటి?,weather_forecast,te
চেন্নাই এর বায়ুর মান কেমন?,air_quality,bn
ਕੀ ਕੱਲ੍ਹ ਪੁਣੇ ਵਿੱਚ ਮੀਂਹ ਪਵੇਗਾ?,rain,pa
दिल्ली मध्ये तापमान किती आहे?,temperature,mr
भुवनेश्वर का AQI कितना है?,air_quality,hi
দিল্লি এ বৃষ্টির সম্ভাবনা আছে কি?,rain,bn
हैदराबाद मधील सध्याचे हवामान कसे आहे?,weather_current,mr
આ સપ્તાહના અંતે કોલકાતામાં હવામાન કેવું રહેશે?,weather_forecast,gu
हैदराबाद मध्ये वारा किती जोरात आहे?,wind,mr
क्या आज कोलकाता में बारिश होगी?,rain,hi
What is the humidity in Chennai?,humidity,en
ਕੱਲ੍ਹ ਚੇਨਈ ਵਿੱਚ ਤਾਪਮਾਨ ਕਿੰਨਾ ਰਹੇਗਾ?,temperature,pa
When is sunset in Delhi?,sunrise_sunset,en
ಕೊಲ್ಕತ್ತಾನಲ್ಲಿ ಎಷ್ಟು ತೇವಾಂಶ ಇದೆ?,humidity,kn
दिल्ली मध्ये आर्द्रता किती आहे?,humidity,mr
कल हैदराबाद में मौसम कैसा रहेगा?,weather_forecast,hi
ನಾಳೆ ಹೈದರಾಬಾದ್ನಲ್ಲಿ ಹವಾಮಾನ ಹೇಗಿರುತ್ತದೆ?,weather_forecast,kn
भुवनेश्वर में सूर्योदय कितने बजे होगा?,sunrise_sunset,hi
मुंबई साठी हवामानाची कोणतीही चेतावणी आहे का?,weather_alert,mr
আজ মুম্বাই এর আবহাওয়া কেমন?,weather_current,bn
मुंबई मध्ये हवामानाचा इशारा आहे का?,weather_alert,mr
ভুবনেশ্বর এর বর্তমান আবহাওয়া কেমন?,weather_current,bn
ଭୁବନେଶ୍ୱରରେ ପବନର ବେଗ କେତେ?,wind,or
రేపు పుణెలో వాతావరణం ఎలా ఉంటుంది?,weather_forecast,te
आज मुंबई मध्ये पाऊस पडेल का?,rain,mr
புவனேஸ்வர்வில் ஈரப்பதம் எவ்வளவு?,humidity,ta
पुणे मध्ये तापमान किती आहे?,temperature,mr
ముంబైలో గాలి నాణ్యత ఎలా ఉంది?,air_quality,te
दिल्ली में तापमान कितना है?,temperature,hi
मुंबई का मौसम पूर्वानुमान बताओ।,weather_forecast,hi
आज हैदराबाद में नमी कितनी रहेगी?,humidity,hi
"ಭುವನೇಶ್ವರ ಅಥವಾ ಪುಣೆ, ಯಾವುದು ಹೆಚ್ಚು ತಂಪಾಗಿದೆ?",weather_comparison,kn
ਕੱਲ੍ਹ ਹੈਦਰਾਬਾਦ ਵਿੱਚ ਮੌਸਮ ਕਿਹੋ ਜਿਹਾ ਰਹੇਗਾ?,weather_forecast,pa
How strong is the wind in Mumbai?,wind,en
ನಾಳೆ ಮುಂಬೈನಲ್ಲಿ ಮಳೆ ಬೀಳುತ್ತದೆಯೇ?,rain,kn
புவனேஸ்வர் மற்றும் சென்னை வானிலையை ஒப்பிடுங்கள்.,weather_comparison,ta
ಹೈದರಾಬಾದ್ ಮತ್ತು ಭುವನೇಶ್ವರ ಹವಾಮಾನವನ್ನು ಹೋಲಿಸಿ.,weather_comparison,kn
कल चेन्नई में मौसम कैसा रहेगा?,weather_forecast,hi
મુંબઈમાં હવામાનની કોઈ ચેતવણી છે?,weather_alert,gu
બેંગલુરુનો AQI કેટલો છે?,air_quality,gu
ਅੱਜ ਮੁੰਬਈ ਵਿੱਚ ਨਮੀ ਕਿੰਨੀ ਰਹੇਗੀ?,humidity,pa
आज भुवनेश्वर में मौसम कैसा रहेगा?,weather_current,hi
ముంబైలో సూర్యోదయం ఎప్పుడు?,sunrise_sunset,te
चेन्नई मध्ये सूर्योदय किती वाजता होतो?,sunrise_sunset,mr
ਬੈਂਗਲੁਰੂ ਲਈ ਕੋਈ ਮੌਸਮ ਚੇਤਾਵਨੀ ਹੈ?,weather_alert,pa
क्या कल पुणे में बारिश होगी?,rain,hi
ମୁମ୍ବାଇର ପାଗ ବିଷୟରେ କୁହନ୍ତୁ।,weather_current,or
ଦିଲ୍ଲୀରେ କେତେ ଆର୍ଦ୍ରତା ଅଛି?,humidity,or
What will the weather be like in Bengaluru tomorrow?,weather_forecast,en
நாளை மும்பைவில் வெப்பநிலை எவ்வளவு இருக்கும்?,temperature,ta
আজ কি মুম্বাই এ বৃষ্টি হবে?,rain,bn
પુણેમાં ભેજ કેટલો છે?,humidity,gu
ਕੀ ਕੱਲ੍ਹ ਮੁੰਬਈ ਵਿੱਚ ਮੀਂਹ ਪਵੇਗਾ?,rain,pa
ಬೆಂಗಳೂರುನಲ್ಲಿ ಗಾಳಿಯ ಗುಣಮಟ್ಟ ಹೇಗಿದೆ?,air_quality,kn
ਹੈਦਰਾਬਾਦ ਅਤੇ ਪੁਣੇ ਦੇ ਮੌਸਮ ਦੀ ਤੁਲਨਾ ਕਰੋ।,weather_comparison,pa
பெங்களூருவில் எவ்வளவு ஈரப்பதமாக உள்ளது?,humidity,ta
Will it rain tomorrow in Hyderabad?,rain,en
मुंबई चा AQI किती आहे?,air_quality,mr
आज भुवनेश्वर में मौसम कैसा रहेगा?,weather_current,hi
मुंबई में कितनी गर्मी है?,temperature,hi
చెన్నైలో ఎంత తేమ ఉంది?,humidity,te
ଆଜି ହାଇଦ୍ରାବାଦରେ ବର୍ଷା ହେବ କି?,rain,or
কলকাতা এর AQI কত?,air_quality,bn
पुणे चा AQI किती आहे?,air_quality,mr
କୋଲକାତା ଏବଂ ହାଇଦ୍ରାବାଦର ପାଗ ତୁଳନା କରନ୍ତୁ।,weather_comparison,or
କୋଲକାତାର AQI କେତେ?,air_quality,or
आज कोलकाता मध्ये पाऊस पडेल का?,rain,mr
ముంబైలో సూర్యాస్తమయం ఎప్పుడు?,sunrise_sunset,te
কলকাতা এ বাতাসের গতি কত?,wind,bn
আজ দিল্লি এর আর্দ্রতা কত থাকবে?,humidity,bn
कोलकाता में सूर्यास्त कितने बजे होगा?,sunrise_sunset,hi
मुंबई मध्ये किती दमट आहे?,humidity,mr
ପୁଣେରେ ପବନ କେତେ ଜୋରରେ ବହୁଛି?,wind,or
How humid is it in Hyderabad?,humidity,en
இந்த வார இறுதியில் பெங்களூருவில் வானிலை எப்படி இருக்கும்?,weather_forecast,ta
What time is sunrise in Chennai?,sunrise_sunset,en
ਪੁਣੇ ਵਿੱਚ ਕਿੰਨੀ ਨਮੀ ਹੈ?,humidity,pa
ನಾಳೆ ಬೆಂಗಳೂರುನಲ್ಲಿ ತಾಪಮಾನ ಎಷ್ಟು ಇರುತ್ತದೆ?,temperature,kn
రేపు పుణెలో వర్షం పడుతుందా?,rain,te
ನಾಳೆ ಹೈದರಾಬಾದ್ನಲ್ಲಿ ಹವಾಮಾನ ಹೇಗಿರುತ್ತದೆ?,weather_forecast,kn
ভুবনেশ্বর এ আজ আবহাওয়া কেমন?,weather_current,bn
उद्या दिल्ली मध्ये हवामान कसे असेल?,weather_forecast,mr
ఈ రోజు కోల్‌కతాలో వాతావరణం ఎలా ఉంటుంది?,weather_current,te
ਬੈਂਗਲੁਰੂ ਵਿੱਚ ਸੂਰਜ ਕਿੰਨੇ ਵਜੇ ਡੁੱਬਦਾ ਹੈ?,sunrise_sunset,pa
ભુવનેશ્વરમાં પવન કેટલો ઝડપી છે?,wind,gu
What time is sunrise in Hyderabad?,sunrise_sunset,en
What time does the sun rise in Pune?,sunrise_sunset,en
હૈદરાબાદમાં પવનની ઝડપ કેટલી છે?,wind,gu
भुवनेश्वर में मौसम की कोई चेतावनी है?,weather_alert,hi
ହାଇଦ୍ରାବାଦରେ ବାୟୁର ଗୁଣବତ୍ତା କେମିତି?,air_quality,or
चेन्नई में आज मौसम कैसा है?,weather_current,hi
चेन्नई साठी हवामानाची कोणतीही चेतावणी आहे का?,weather_alert,mr
பெங்களூருவில் இன்று வானிலை எப்படி இருக்கிறது?,weather_current,ta
ਬੈਂਗਲੁਰੂ ਵਿੱਚ ਨਮੀ ਕਿੰਨੀ ਹੈ?,humidity,pa
ஹைதராபாத்வில் எவ்வளவு ஈரப்பதமாக உள்ளது?,humidity,ta
ಮುಂಬೈ ಹವಾಮಾನ ಮುನ್ಸೂಚನೆ ಏನು?,weather_forecast,kn
ಮುಂಬೈನ AQI ಎಷ್ಟು?,air_quality,kn
ಪುಣೆ ಹವಾಮಾನ ಮುನ್ಸೂಚನೆ ಏನು?,weather_forecast,kn
ਮੁੰਬਈ ਵਿੱਚ ਹਵਾ ਦੀ ਰਫ਼ਤਾਰ ਕਿੰਨੀ ਹੈ?,wind,pa
ମୁମ୍ବାଇରେ ପବନର ବେଗ କେତେ?,wind,or
ભુવનેશ્વર અને દિલ્હીના હવામાનની તુલના કરો.,weather_comparison,gu
పుణెలో గాలి వేగం ఎంత?,wind,te
मुंबई में नमी कितनी है?,humidity,hi
भुवनेश्वर मध्ये किती दमट आहे?,humidity,mr
What weather can I expect in Hyderabad tomorrow?,weather_forecast,en
ముంబైకి వాతావరణ హెచ్చరికలు ఏమైనా ఉన్నాయా?,weather_alert,te
What will the humidity be in Bengaluru?,humidity,en
ଚେନ୍ନାଇରେ ତାପମାତ୍ରା କେତେ?,temperature,or
భువనేశ్వర్లో ప్రస్తుత వాతావరణం ఎలా ఉంది?,weather_current,te
Tell me the temperature in Bengaluru.,temperature,en
டெல்லிவில் ஈரப்பதம் எவ்வளவு?,humidity,ta
ಕೊಲ್ಕತ್ತಾನಲ್ಲಿ ಎಷ್ಟು ಬಿಸಿಯಾಗಿದೆ?,temperature,kn
પુણે માટે કોઈ હવામાન ચેતવણી છે?,weather_alert,gu
புவனேஸ்வர்வில் எவ்வளவு வெப்பமாக உள்ளது?,temperature,ta
Is there a weather warning for Bhubaneswar?,weather_alert,en
ఈ రోజు ఢిల్లీలో వాతావరణం ఎలా ఉంటుంది?,weather_current,te
क्या आज हैदराबाद में बारिश होगी?,rain,hi
আগামীকাল কি হায়দ্রাবাদ এ বৃষ্টি হবে?,rain,bn
இன்று ஹைதராபாத்வில் ஈரப்பதம் எவ்வளவு இருக்கும்?,humidity,ta
କୋଲକାତାରେ ବାୟୁର ଗୁଣବତ୍ତା କେମିତି?,air_quality,or
ఈ వారాంతంలో హైదరాబాద్లో వాతావరణం ఎలా ఉంటుంది?,weather_forecast,te
బెంగళూరులో వాతావరణ హెచ్చరిక ఉందా?,weather_alert,te
हैदराबाद मध्ये पावसाची शक्यता आहे का?,rain,mr
मुंबई चे हवामान अंदाज सांगा.,weather_forecast,mr
டெல்லிவில் ஈரப்பதம் எவ்வளவு?,humidity,ta
ದೆಹಲಿನಲ್ಲಿ ಸೂರ್ಯೋದಯ ಯಾವಾಗ?,sunrise_sunset,kn
कल मुंबई में तापमान कितना रहेगा?,temperature,hi
ଦିଲ୍ଲୀର ପାଗ ବିଷୟରେ କୁହନ୍ତୁ।,weather_current,or
ପୁଣେରେ କେତେ ଆର୍ଦ୍ରତା ଅଛି?,humidity,or
புனேவில் காற்று எவ்வளவு வேகமாக வீசுகிறது?,wind,ta
ભુવનેશ્વરમાં કેટલી ભેજ છે?,humidity,gu
ਪੁਣੇ ਵਿੱਚ ਅੱਜ ਮੌਸਮ ਕਿਹੋ ਜਿਹਾ ਹੈ?,weather_current,pa
டெல்லிவின் AQI எவ்வளவு?,air_quality,ta
पुणे मध्ये पावसाची शक्यता आहे का?,rain,mr
நாளை புவனேஸ்வர்வில் வெப்பநிலை எவ்வளவு இருக்கும்?,temperature,ta
मुंबई में हवा की गुणवत्ता कैसी है?,air_quality,hi
రేపు ముంబైలో వాతావరణం ఎలా ఉంటుంది?,weather_forecast,te
কলকাতা এর বায়ুর মান কেমন?,air_quality,bn
மும்பைவில் ஈரப்பதம் எவ்வளவு?,humidity,ta
ਭੁਵਨੇਸ਼ਵਰ ਲਈ ਕੋਈ ਮੌਸਮ ਚੇਤਾਵਨੀ ਹੈ?,weather_alert,pa
भुवनेश्वर मध्ये सूर्यास्त किती वाजता होतो?,sunrise_sunset,mr
बेंगलुरु और कोलकाता में किसका मौसम बेहतर है?,weather_comparison,hi
ਬੈਂਗਲੁਰੂ ਵਿੱਚ ਹਵਾ ਦੀ ਗੁਣਵੱਤਾ ਕਿਹੋ ਜਿਹੀ ਹੈ?,air_quality,pa
कोलकाता में अभी मौसम कैसा है?,weather_current,hi
బెంగళూరులో సూర్యోదయం ఎప్పుడు?,sunrise_sunset,te
ଏହି ସପ୍ତାହ ଶେଷରେ କୋଲକାତାର ପାଗ କେମିତି ରହିବ?,weather_forecast,or
ভুবনেশ্বর এ আজ আবহাওয়া কেমন?,weather_current,bn
हैदराबाद में आज मौसम कैसा है?,weather_current,hi
ভুবনেশ্বর এর আর্দ্রতা কত?,humidity,bn
Are there any severe weather warnings in Hyderabad?,weather_alert,en
ଭୁବନେଶ୍ୱରରେ ସୂର୍ଯ୍ୟୋଦୟ କେତେବେଳେ?,sunrise_sunset,or
ಹೈದರಾಬಾದ್ನಲ್ಲಿ ಸೂರ್ಯಾಸ್ತ ಯಾವಾಗ?,sunrise_sunset,kn
Will it rain tomorrow in Chennai?,rain,en
ಭುವನೇಶ್ವರ ಹವಾಮಾನ ಮುನ್ಸೂಚನೆ ಏನು?,weather_forecast,kn
પુણે અને હૈદરાબાદમાંથી કયું વધુ ઠંડું છે?,weather_comparison,gu
ਪੁਣੇ ਵਿੱਚ ਕਿੰਨੀ ਨਮੀ ਹੈ?,humidity,pa
दिल्ली साठी हवामानाची कोणतीही चेतावणी आहे का?,weather_alert,mr
ఈ రోజు ఢిల్లీలో తేమ ఎంత ఉంటుంది?,humidity,te
ભુવનેશ્વરનો AQI કેટલો છે?,air_quality,gu
ಮುಂಬೈನಲ್ಲಿ ತೇವಾಂಶ ಎಷ್ಟು?,humidity,kn
मुंबई मध्ये आज हवामान कसे आहे?,weather_current,mr
இன்று மும்பைவில் ஈரப்பதம் எவ்வளவு இருக்கும்?,humidity,ta
ಚೆನ್ನೈನಲ್ಲಿ ಮಳೆಯ ಸಾಧ್ಯತೆ ಇದೆಯೇ?,rain,kn
मुंबई में कितनी गर्मी है?,temperature,hi
କୋଲକାତାରେ ବର୍ଷା ହେବାର ସମ୍ଭାବନା ଅଛି କି?,rain,or
ನಾಳೆ ಚೆನ್ನೈನಲ್ಲಿ ಹವಾಮಾನ ಹೇಗಿರುತ್ತದೆ?,weather_forecast,kn
मुंबई का मौसम पूर्वानुमान बताओ।,weather_forecast,hi
मुंबई का मौसम पूर्वानुमान बताओ।,weather_forecast,hi
पुणे मध्ये पावसाची शक्यता आहे का?,rain,mr
બેંગલુરુનો AQI કેટલો છે?,air_quality,gu
What will the humidity be in Pune?,humidity,en
What is the temperature in Kolkata?,temperature,en
ఈ రోజు ముంబైలో వర్షం పడుతుందా?,rain,te
क्या कल दिल्ली में बारिश होगी?,rain,hi
આ સપ્તાહના અંતે બેંગલુરુમાં હવામાન કેવું રહેશે?,weather_forecast,gu
ಮುಂಬೈ ಹವಾಮಾನ ಮುನ್ಸೂಚನೆ ಏನು?,weather_forecast,kn
Tell me the current weather in Kolkata.,weather_current,en
పుణెలో ఈ రోజు వాతావరణం ఎలా ఉంది?,weather_current,te
બેંગલુરુમાં ભેજ કેટલો છે?,humidity,gu
What is the air quality in Delhi?,air_quality,en
Is there a chance of rain in Mumbai?,rain,en
ಬೆಂಗಳೂರು ಹವಾಮಾನ ಮುನ್ಸೂಚನೆ ಏನು?,weather_forecast,kn
சென்னைவில் தற்போதைய வானிலை எப்படி உள்ளது?,weather_current,ta
புனேவில் காற்று எவ்வளவு வேகமாக வீசுகிறது?,wind,ta
ఢిల్లీలో ప్రస్తుత వాతావరణం ఎలా ఉంది?,weather_current,te
ਬੈਂਗਲੁਰੂ ਅਤੇ ਪੁਣੇ ਵਿੱਚੋਂ ਕਿਹੜਾ ਠੰਡਾ ਹੈ?,weather_comparison,pa
How is the weather in Bhubaneswar right now?,weather_current,en
इस सप्ताह के अंत में मुंबई में मौसम कैसा रहेगा?,weather_forecast,hi
ଚେନ୍ନାଇର AQI କେତେ?,air_quality,or
कोलकाता में हवा की गति कितनी है?,wind,hi
उद्या पुणे मध्ये तापमान किती असेल?,temperature,mr
पुणे आणि भुवनेश्वर पैकी कोणते शहर थंड आहे?,weather_comparison,mr
ಪುಣೆನಲ್ಲಿ ಗಾಳಿ ಎಷ್ಟು ವೇಗವಾಗಿ ಬೀಸುತ್ತಿದೆ?,wind,kn
ਕੋਲਕਾਤਾ ਵਿੱਚ ਇਸ ਵੇਲੇ ਮੌਸਮ ਕਿਹੋ ਜਿਹਾ ਹੈ?,weather_current,pa
હૈદરાબાદમાં પવન કેટલો ઝડપી છે?,wind,gu
আগামীকাল কলকাতা এর তাপমাত্রা কত থাকবে?,temperature,bn
कोलकाता मध्ये तापमान किती आहे?,temperature,mr
ಹೈದರಾಬಾದ್ ಹವಾಮಾನ ಮುನ್ಸೂಚನೆ ಏನು?,weather_forecast,kn
"மும்பை அல்லது சென்னை, எது குளிராக உள்ளது?",weather_comparison,ta
ਭੁਵਨੇਸ਼ਵਰ ਵਿੱਚ ਕਿੰਨੀ ਗਰਮੀ ਹੈ?,temperature,pa
પુણે અને હૈદરાબાદમાંથી કયું વધુ ઠંડું છે?,weather_comparison,gu
पुणे में हवा कितनी तेज है?,wind,hi
ಭುವನೇಶ್ವರ ಹವಾಮಾನ ಮುನ್ಸೂಚನೆ ಏನು?,weather_forecast,kn
ଆଜି ହାଇଦ୍ରାବାଦର ଆର୍ଦ୍ରତା କେତେ ରହିବ?,humidity,or
आज दिल्ली मध्ये पाऊस पडेल का?,rain,mr
आज हैदराबाद मध्ये आर्द्रता किती असेल?,humidity,mr
ਕੋਲਕਾਤਾ ਵਿੱਚ ਸੂਰਜ ਕਿੰਨੇ ਵਜੇ ਡੁੱਬਦਾ ਹੈ?,sunrise_sunset,pa
ਚੇਨਈ ਵਿੱਚ ਨਮੀ ਕਿੰਨੀ ਹੈ?,humidity,pa
ಪುಣೆನಲ್ಲಿ ತೇವಾಂಶ ಎಷ್ಟು?,humidity,kn
பெங்களூருவில் ஈரப்பதம் எவ்வளவு?,humidity,ta
कोलकाता का वर्तमान मौसम बताओ।,weather_current,hi
How strong is the wind in Bhubaneswar?,wind,en
दिल्ली का वर्तमान मौसम बताओ।,weather_current,hi
ఈ రోజు పుణెలో తేమ ఎంత ఉంటుంది?,humidity,te
কলকাতা এ বৃষ্টির সম্ভাবনা আছে কি?,rain,bn
ಭುವನೇಶ್ವರನಲ್ಲಿ ಇಂದು ಹವಾಮಾನ ಹೇಗಿದೆ?,weather_current,kn
চেন্নাই এ বাতাসের গতি কত?,wind,bn
ఈ రోజు చెన్నైలో వాతావరణం ఎలా ఉంటుంది?,weather_current,te
How is the weather today in Hyderabad?,weather_current,en
புனேவில் சூரிய உதயம் எப்போது?,sunrise_sunset,ta
Is there a weather warning for Mumbai?,weather_alert,en
ಪುಣೆನಲ್ಲಿ ಗಾಳಿ ಎಷ್ಟು ವೇಗವಾಗಿ ಬೀಸುತ್ತಿದೆ?,wind,kn
హైదరాబాద్లో తేమ ఎంత?,humidity,te
పుణెలో గాలి వేగం ఎంత?,wind,te
ଆଜି ହାଇଦ୍ରାବାଦର ପାଗ କେମିତି?,weather_current,or
రేపు హైదరాబాద్లో ఉష్ణోగ్రత ఎంత ఉంటుంది?,temperature,te
Tell me the temperature in Chennai.,temperature,en
आज भुवनेश्वर में मौसम कैसा रहेगा?,weather_current,hi
ਕੱਲ੍ਹ ਹੈਦਰਾਬਾਦ ਵਿੱਚ ਮੌਸਮ ਕਿਹੋ ਜਿਹਾ ਰਹੇਗਾ?,weather_forecast,pa
इस सप्ताह के अंत में भुवनेश्वर में मौसम कैसा रहेगा?,weather_forecast,hi
Compare the weather in Kolkata and Pune.,weather_comparison,en
আগামীকাল ভুবনেশ্বর এর তাপমাত্রা কত থাকবে?,temperature,bn
மும்பைவில் சூரிய உதயம் எப்போது?,sunrise_sunset,ta
ਪੁਣੇ ਅਤੇ ਹੈਦਰਾਬਾਦ ਵਿੱਚੋਂ ਕਿਹੜਾ ਠੰਡਾ ਹੈ?,weather_comparison,pa
આજે પુણેમાં વરસાદ પડશે?,rain,gu
ମୁମ୍ବାଇ ପାଇଁ କୌଣସି ପାଣିପାଗ ସତର୍କତା ଅଛି କି?,weather_alert,or
ಚೆನ್ನೈ ಹವಾಮಾನ ಮುನ್ಸೂಚನೆ ಏನು?,weather_forecast,kn
कल कोलकाता में मौसम कैसा रहेगा?,weather_forecast,hi
दिल्ली में अभी मौसम कैसा है?,weather_current,hi
हैदराबाद में नमी कितनी है?,humidity,hi
भुवनेश्वर में मौसम की कोई चेतावनी है?,weather_alert,hi
புவனேஸ்வர்வில் சூரிய அஸ்தமனம் எப்போது?,sunrise_sunset,ta
ଦିଲ୍ଲୀ ପାଇଁ କୌଣସି ପାଣିପାଗ ସତର୍କତା ଅଛି କି?,weather_alert,or
Is rain expected in Mumbai?,rain,en
ଭୁବନେଶ୍ୱରରେ ପବନ କେତେ ଜୋରରେ ବହୁଛି?,wind,or
ಕೊಲ್ಕತ್ತಾ ಹವಾಮಾನ ಮುನ್ಸೂಚನೆ ಏನು?,weather_forecast,kn
రేపు చెన్నైలో వర్షం పడుతుందా?,rain,te
What is the humidity in Hyderabad?,humidity,en
ಹೈದರಾಬಾದ್ನಲ್ಲಿ ತಾಪಮಾನ ಎಷ್ಟು?,temperature,kn
कोलकाता में सूर्योदय कितने बजे होगा?,sunrise_sunset,hi
ଆସନ୍ତାକାଲି ପୁଣେରେ ପାଗ କେମିତି ରହିବ?,weather_forecast,or
मुंबई में सूर्यास्त कितने बजे होगा?,sunrise_sunset,hi
What is the AQI in Bhubaneswar?,air_quality,en
ମୁମ୍ବାଇରେ ବାୟୁର ଗୁଣବତ୍ତା କେମିତି?,air_quality,or
या आठवड्याच्या शेवटी पुणे मध्ये हवामान कसे असेल?,weather_forecast,mr
ముంబైలో సూర్యాస్తమయం ఎప్పుడు?,sunrise_sunset,te
ਅੱਜ ਪੁਣੇ ਵਿੱਚ ਨਮੀ ਕਿੰਨੀ ਰਹੇਗੀ?,humidity,pa
কলকাতা এ কোনো আবহাওয়া সতর্কতা জারি হয়েছে?,weather_alert,bn
આજે દિલ્હીમાં હવામાન કેવું છે?,weather_current,gu
ਬੈਂਗਲੁਰੂ ਲਈ ਕੋਈ ਮੌਸਮ ਚੇਤਾਵਨੀ ਹੈ?,weather_alert,pa
ముంబైలో ప్రస్తుత వాతావరణం ఎలా ఉంది?,weather_current,te
कोलकाता मध्ये तापमान किती आहे?,temperature,mr
বেঙ্গালুরু এ কতটা আর্দ্র?,humidity,bn
బెంగళూరు వాతావరణ సూచన ఏమిటి?,weather_forecast,te
आज हैदराबाद में नमी कितनी रहेगी?,humidity,hi
पुणे मध्ये हवेची गुणवत्ता कशी आहे?,air_quality,mr
Compare the weather in Pune and Mumbai.,weather_comparison,en
हैदराबाद में हवा की गति कितनी है?,wind,hi
मुंबई चे हवामान अंदाज सांगा.,weather_forecast,mr
How cold is it in Chennai?,temperature,en
ಹೈದರಾಬಾದ್ನಲ್ಲಿ ಎಷ್ಟು ತೇವಾಂಶ ಇದೆ?,humidity,kn
ದೆಹಲಿನಲ್ಲಿ ಹವಾಮಾನ ಎಚ್ಚರಿಕೆ ಇದೆಯೇ?,weather_alert,kn
ನಾಳೆ ಚೆನ್ನೈನಲ್ಲಿ ಹವಾಮಾನ ಹೇಗಿರುತ್ತದೆ?,weather_forecast,kn
How windy is it in Chennai?,wind,en
भुवनेश्वर मध्ये आर्द्रता किती आहे?,humidity,mr
How is the air quality in Hyderabad?,air_quality,en
ಬೆಂಗಳೂರುನಲ್ಲಿ ಸೂರ್ಯಾಸ್ತ ಯಾವಾಗ?,sunrise_sunset,kn
ਬੈਂਗਲੁਰੂ ਅਤੇ ਪੁਣੇ ਵਿੱਚੋਂ ਕਿਹੜਾ ਠੰਡਾ ਹੈ?,weather_comparison,pa
ਦਿੱਲੀ ਵਿੱਚ ਤਾਪਮਾਨ ਕਿੰਨਾ ਹੈ?,temperature,pa
ਅੱਜ ਦਿੱਲੀ ਦਾ ਮੌਸਮ ਕਿਹੋ ਜਿਹਾ ਹੈ?,weather_current,pa
இந்த வார இறுதியில் புனேவில் வானிலை எப்படி இருக்கும்?,weather_forecast,ta
কলকাতা এর আবহাওয়া আমাকে বলুন।,weather_current,bn
পুনে এর আবহাওয়া আমাকে বলুন।,weather_current,bn
How will the weather be in Bengaluru this weekend?,weather_forecast,en
Are there any weather alerts for Pune?,weather_alert,en
આજે મુંબઈમાં વરસાદ પડશે?,rain,gu
પુણેમાં હવામાનની કોઈ ચેતવણી છે?,weather_alert,gu
పుణెలో ఈ రోజు వాతావరణం ఎలా ఉంది?,weather_current,te
बेंगळुरू आणि चेन्नई पैकी कोणते शहर थंड आहे?,weather_comparison,mr
ଭୁବନେଶ୍ୱରରେ କେତେ ଗରମ ଅଛି?,temperature,or
चेन्नई साठी हवामानाची कोणतीही चेतावणी आहे का?,weather_alert,mr
दिल्ली और हैदराबाद में किसका मौसम बेहतर है?,weather_comparison,hi
ಮುಂಬೈನಲ್ಲಿ ಸೂರ್ಯೋದಯ ಯಾವಾಗ?,sunrise_sunset,kn
Tell me the temperature in Kolkata.,temperature,en
What is the chance of rain in Hyderabad?,rain,en
Tell me the current weather in Mumbai.,weather_current,en
"కోల్‌కతా లేదా ముంబై, ఏది చల్లగా ఉంది?",weather_comparison,te
மும்பைவில் வெப்பநிலை எவ்வளவு?,temperature,ta
Tell me the current weather in Mumbai.,weather_current,en
ਮੁੰਬਈ ਵਿੱਚ ਕਿੰਨੀ ਨਮੀ ਹੈ?,humidity,pa
मुंबई मध्ये किती दमट आहे?,humidity,mr
ਪੁਣੇ ਵਿੱਚ ਸੂਰਜ ਕਿੰਨੇ ਵਜੇ ਚੜ੍ਹਦਾ ਹੈ?,sunrise_sunset,pa
ହାଇଦ୍ରାବାଦର AQI କେତେ?,air_quality,or
హైదరాబాద్లో ఎంత తేమ ఉంది?,humidity,te
দিল্লি এ বৃষ্টির সম্ভাবনা আছে কি?,rain,bn
ভুবনেশ্বর এর বায়ুর মান কেমন?,air_quality,bn
दिल्ली मध्ये वाऱ्याचा वेग किती आहे?,wind,mr
மும்பை வானிலை முன்னறிவிப்பு என்ன?,weather_forecast,ta
ଆଜି ପୁଣେର ପାଗ କେମିତି?,weather_current,or
ভুবনেশ্বর এ কতটা আর্দ্র?,humidity,bn
દિલ્હીમાં હવામાનની કોઈ ચેતવણી છે?,weather_alert,gu
కోల్‌కతాలో తేమ ఎంత?,humidity,te
হায়দ্রাবাদ এ কোনো আবহাওয়া সতর্কতা জারি হয়েছে?,weather_alert,bn
হায়দ্রাবাদ এর বর্তমান আবহাওয়া কেমন?,weather_current,bn
দিল্লি এ কতটা গরম?,temperature,bn
ಕೊಲ್ಕತ್ತಾನಲ್ಲಿ ಇಂದು ಹವಾಮಾನ ಹೇಗಿದೆ?,weather_current,kn
What is the weather in Bengaluru today?,weather_current,en
Is there a weather warning for Bengaluru?,weather_alert,en
இந்த வார இறுதியில் புனேவில் வானிலை எப்படி இருக்கும்?,weather_forecast,ta
ಭುವನೇಶ್ವರನಲ್ಲಿ ಹವಾಮಾನ ಎಚ್ಚರಿಕೆ ಇದೆಯೇ?,weather_alert,kn
કાલે કોલકાતામાં હવામાન કેવું રહેશે?,weather_forecast,gu
હૈદરાબાદ અને ચેન્નાઈના હવામાનની તુલના કરો.,weather_comparison,gu
"পুনে না চেন্নাই, কোনটি বেশি ঠান্ডা?",weather_comparison,bn
Is there a chance of rain in Delhi?,rain,en
कल कोलकाता में तापमान कितना रहेगा?,temperature,hi
ఈ రోజు కోల్‌కతాలో వాతావరణం ఎలా ఉంటుంది?,weather_current,te
కోల్‌కతాలో గాలి ఎంత వేగంగా వీస్తోంది?,wind,te
హైదరాబాద్ మరియు బెంగళూరు వాతావరణాన్ని పోల్చండి.,weather_comparison,te
"ಭುವನೇಶ್ವರ ಅಥವಾ ಪುಣೆ, ಯಾವುದು ಹೆಚ್ಚು ತಂಪಾಗಿದೆ?",weather_comparison,kn
हैदराबाद के लिए कोई मौसम चेतावनी है?,weather_alert,hi
புவனேஸ்வர்வில் இன்று வானிலை எப்படி இருக்கிறது?,weather_current,ta
आज हैदराबाद चे हवामान कसे आहे?,weather_current,mr
কলকাতা এর আর্দ্রতা কত?,humidity,bn
Is there a weather warning for Bengaluru?,weather_alert,en
What is the weather like in Hyderabad?,weather_current,en
ಬೆಂಗಳೂರು ಮತ್ತು ಭುವನೇಶ್ವರ ಹವಾಮಾನವನ್ನು ಹೋಲಿಸಿ.,weather_comparison,kn
कल पुणे में तापमान कितना रहेगा?,temperature,hi
আজ দিল্লি এর আবহাওয়া কেমন?,weather_current,bn
ਅੱਜ ਚੇਨਈ ਵਿੱਚ ਨਮੀ ਕਿੰਨੀ ਰਹੇਗੀ?,humidity,pa
এই সপ্তাহান্তে চেন্নাই এর আবহাওয়া কেমন হবে?,weather_forecast,bn
ஹைதராபாத்வில் சூரிய அஸ்தமனம் எப்போது?,sunrise_sunset,ta
દિલ્હીનું હાલનું હવામાન કેવું છે?,weather_current,gu
बेंगळुरू चे हवामान अंदाज सांगा.,weather_forecast,mr
ਚੇਨਈ ਵਿੱਚ ਇਸ ਵੇਲੇ ਮੌਸਮ ਕਿਹੋ ਜਿਹਾ ਹੈ?,weather_current,pa
ದೆಹಲಿನಲ್ಲಿ ಇಂದು ಹವಾಮಾನ ಹೇಗಿದೆ?,weather_current,kn
মুম্বাই এর AQI কত?,air_quality,bn
ભુવનેશ્વરમાં આજે હવામાન કેવું છે?,weather_current,gu
ਭੁਵਨੇਸ਼ਵਰ ਵਿੱਚ ਕਿੰਨੀ ਗਰਮੀ ਹੈ?,temperature,pa
Tell me the temperature in Delhi.,temperature,en
బెంగళూరులో గాలి వేగం ఎంత?,wind,te
बेंगलुरु में तापमान कितना है?,temperature,hi
चेन्नई में हवा की गुणवत्ता कैसी है?,air_quality,hi
उद्या हैदराबाद मध्ये हवामान कसे असेल?,weather_forecast,mr
पुणे में हवा कितनी तेज है?,wind,hi
How is the air quality in Bengaluru?,air_quality,en
मुंबई में तापमान कितना है?,temperature,hi
કાલે ચેન્નાઈમાં તાપમાન કેટલું રહેશે?,temperature,gu
ভুবনেশ্বর এর তাপমাত্রা কত?,temperature,bn
ਦਿੱਲੀ ਦਾ ਮੌਸਮ ਪੂਰਵ ਅਨੁਮਾਨ ਕੀ ਹੈ?,weather_forecast,pa
आज भुवनेश्वर मध्ये आर्द्रता किती असेल?,humidity,mr
હૈદરાબાદમાં કેટલી ગરમી છે?,temperature,gu
ଚେନ୍ନାଇ ଏବଂ ପୁଣେର ପାଗ ତୁଳନା କରନ୍ତୁ।,weather_comparison,or
டெல்லிவில் எவ்வளவு வெப்பமாக உள்ளது?,temperature,ta
What will the weather be like in Chennai tomorrow?,weather_forecast,en
चेन्नई मध्ये आज हवामान कसे आहे?,weather_current,mr
Tell me the temperature in Chennai.,temperature,en
How hot is it in Bhubaneswar?,temperature,en
What is the wind speed in Kolkata?,wind,en
चेन्नई मध्ये सूर्यास्त किती वाजता होतो?,sunrise_sunset,mr
পুনে এ বাতাসের গতি কত?,wind,bn
హైదరాబాద్లో సూర్యాస్తమయం ఎప్పుడు?,sunrise_sunset,te
ਅੱਜ ਪੁਣੇ ਦਾ ਮੌਸਮ ਕਿਹੋ ਜਿਹਾ ਹੈ?,weather_current,pa
उद्या बेंगळुरू मध्ये पाऊस पडेल का?,rain,mr
ಹೈದರಾಬಾದ್ನಲ್ಲಿ ಸೂರ್ಯಾಸ್ತ ಯಾವಾಗ?,sunrise_sunset,kn
కోల్‌కతా మరియు చెన్నై వాతావరణాన్ని పోల్చండి.,weather_comparison,te
মুম্বাই এর AQI কত?,air_quality,bn
কলকাতা এ বাতাস কতটা জোরে বইছে?,wind,bn
ଦିଲ୍ଲୀ ପାଇଁ କୌଣସି ପାଣିପାଗ ସତର୍କତା ଅଛି କି?,weather_alert,or
भुवनेश्वर मध्ये सूर्यास्त किती वाजता होतो?,sunrise_sunset,mr
ఈ రోజు ఢిల్లీలో తేమ ఎంత ఉంటుంది?,humidity,te
ਕੋਲਕਾਤਾ ਵਿੱਚ ਸੂਰਜ ਕਿੰਨੇ ਵਜੇ ਚੜ੍ਹਦਾ ਹੈ?,sunrise_sunset,pa
पुणे मध्ये किती दमट आहे?,humidity,mr
Tell me the current weather in Delhi.,weather_current,en
What is the air quality in Delhi?,air_quality,en
ఈ వారాంతంలో పుణెలో వాతావరణం ఎలా ఉంటుంది?,weather_forecast,te
ମୁମ୍ବାଇର ବର୍ତ୍ତମାନ ପାଗ କେମିତି?,weather_current,or
મુંબઈમાં સૂર્યાસ્ત કેટલા વાગ્યે થાય છે?,sunrise_sunset,gu
ଦିଲ୍ଲୀର AQI କେତେ?,air_quality,or
ముంబైలో సూర్యోదయం ఎప్పుడు?,sunrise_sunset,te
उद्या हैदराबाद मध्ये हवामान कसे असेल?,weather_forecast,mr
इस सप्ताह के अंत में पुणे में मौसम कैसा रहेगा?,weather_forecast,hi
પુણે માટે કોઈ હવામાન ચેતવણી છે?,weather_alert,gu
ಮುಂಬೈನಲ್ಲಿ ಗಾಳಿ ಎಷ್ಟು ವೇಗವಾಗಿ ಬೀಸುತ್ತಿದೆ?,wind,kn
நாளை சென்னைவில் மழை பெய்யுமா?,rain,ta
கொல்கத்தாவில் வெப்பநிலை எவ்வளவு?,temperature,ta
ਅੱਜ ਪੁਣੇ ਵਿੱਚ ਨਮੀ ਕਿੰਨੀ ਰਹੇਗੀ?,humidity,pa
What is the chance of rain in Pune?,rain,en
டெல்லிவில் காற்று எவ்வளவு வேகமாக வீசுகிறது?,wind,ta
ਦਿੱਲੀ ਵਿੱਚ ਸੂਰਜ ਕਿੰਨੇ ਵਜੇ ਚੜ੍ਹਦਾ ਹੈ?,sunrise_sunset,pa
రేపు కోల్‌కతాలో ఉష్ణోగ్రత ఎంత ఉంటుంది?,temperature,te
How is the weather today in Bhubaneswar?,weather_current,en
ਅੱਜ ਬੈਂਗਲੁਰੂ ਦਾ ਮੌਸਮ ਕਿਹੋ ਜਿਹਾ ਹੈ?,weather_current,pa
ଦିଲ୍ଲୀରେ କେତେ ଗରମ ଅଛି?,temperature,or
நாளை புவனேஸ்வர்வில் வெப்பநிலை எவ்வளவு இருக்கும்?,temperature,ta
ହାଇଦ୍ରାବାଦ ପାଇଁ କୌଣସି ପାଣିପାଗ ସତର୍କତା ଅଛି କି?,weather_alert,or
বেঙ্গালুরু এ কতটা আর্দ্র?,humidity,bn
ముంబైలో గాలి నాణ్యత ఎలా ఉంది?,air_quality,te
హైదరాబాద్కి వాతావరణ హెచ్చరికలు ఏమైనా ఉన్నాయా?,weather_alert,te
ભુવનેશ્વરનો AQI કેટલો છે?,air_quality,gu
क्या कल पुणे में बारिश होगी?,rain,hi
ହାଇଦ୍ରାବାଦ ଏବଂ ବେଙ୍ଗାଲୁରୁର ପାଗ ତୁଳନା କରନ୍ତୁ।,weather_comparison,or
दिल्ली मध्ये वारा किती जोरात आहे?,wind,mr
How strong is the wind in Pune?,wind,en
बेंगलुरु में हवा की गुणवत्ता कैसी है?,air_quality,hi
நாளை டெல்லிவில் வானிலை எப்படி இருக்கும்?,weather_forecast,ta
બેંગલુરુમાં તાપમાન કેટલું છે?,temperature,gu
How is the air quality in Bengaluru?,air_quality,en
What is the weather like in Chennai?,weather_current,en
ನಾಳೆ ಮುಂಬೈನಲ್ಲಿ ತಾಪಮಾನ ಎಷ್ಟು ಇರುತ್ತದೆ?,temperature,kn
நாளை ஹைதராபாத்வில் வெப்பநிலை எவ்வளவு இருக்கும்?,temperature,ta
ହାଇଦ୍ରାବାଦରେ ବାୟୁର ଗୁଣବତ୍ତା କେମିତି?,air_quality,or
કાલે પુણેમાં હવામાન કેવું રહેશે?,weather_forecast,gu
આજે ચેન્નાઈમાં ભેજ કેટલો રહેશે?,humidity,gu
Will it rain in Chennai today?,rain,en
बेंगळुरू मध्ये तापमान किती आहे?,temperature,mr
ভুবনেশ্বর এর AQI কত?,air_quality,bn
କୋଲକାତାରେ ସୂର୍ଯ୍ୟୋଦୟ କେତେବେଳେ?,sunrise_sunset,or
ଆଜି ଭୁବନେଶ୍ୱରର ପାଗ କେମିତି?,weather_current,or
কলকাতা এ বৃষ্টির সম্ভাবনা আছে কি?,rain,bn
पुणे आणि भुवनेश्वर पैकी कोणते शहर थंड आहे?,weather_comparison,mr
চেন্নাই এ কোনো আবহাওয়া সতর্কতা জারি হয়েছে?,weather_alert,bn
How will the weather be in Chennai this weekend?,weather_forecast,en
Will it rain tomorrow in Hyderabad?,rain,en
আজ ভুবনেশ্বর এর আর্দ্রতা কত থাকবে?,humidity,bn
హైదరాబాద్లో ఈ రోజు వాతావరణం ఎలా ఉంది?,weather_current,te
আজ কলকাতা এর আবহাওয়া কেমন?,weather_current,bn
ਅੱਜ ਭੁਵਨੇਸ਼ਵਰ ਵਿੱਚ ਨਮੀ ਕਿੰਨੀ ਰਹੇਗੀ?,humidity,pa
புனேக்கு வானிலை எச்சரிக்கை உள்ளதா?,weather_alert,ta
What will the humidity be in Chennai?,humidity,en
ஹைதராபாத்வின் AQI எவ்வளவு?,air_quality,ta
ଭୁବନେଶ୍ୱରରେ କୌଣସି ପାଗ ସତର୍କତା ଅଛି କି?,weather_alert,or
मुंबई मध्ये किती दमट आहे?,humidity,mr
এই সপ্তাহান্তে হায়দ্রাবাদ এর আবহাওয়া কেমন হবে?,weather_forecast,bn
மும்பைவில் சூரிய அஸ்தமனம் எப்போது?,sunrise_sunset,ta
ਚੇਨਈ ਵਿੱਚ ਹਵਾ ਦੀ ਰਫ਼ਤਾਰ ਕਿੰਨੀ ਹੈ?,wind,pa
ବେଙ୍ଗାଲୁରୁର AQI କେତେ?,air_quality,or
ବେଙ୍ଗାଲୁରୁରେ କେତେ ଗରମ ଅଛି?,temperature,or
ਬੈਂਗਲੁਰੂ ਵਿੱਚ ਤਾਪਮਾਨ ਕਿੰਨਾ ਹੈ?,temperature,pa
"কলকাতা না ভুবনেশ্বর, কোনটি বেশি ঠান্ডা?",weather_comparison,bn
ହାଇଦ୍ରାବାଦର ପାଗ ବିଷୟରେ କୁହନ୍ତୁ।,weather_current,or
ಭುವನೇಶ್ವರನಲ್ಲಿ ಸೂರ್ಯೋದಯ ಯಾವಾಗ?,sunrise_sunset,kn
కోల్‌కతాలో ప్రస్తుత వాతావరణం ఎలా ఉంది?,weather_current,te
ବେଙ୍ଗାଲୁରୁ ପାଇଁ କୌଣସି ପାଣିପାଗ ସତର୍କତା ଅଛି କି?,weather_alert,or
ভুবনেশ্বর এ সূর্যাস্ত কখন?,sunrise_sunset,bn
क्या आज चेन्नई में बारिश होगी?,rain,hi
બેંગલુરુમાં ભેજ કેટલો છે?,humidity,gu
Is there a chance of rain in Mumbai?,rain,en
How strong is the wind in Mumbai?,wind,en
How humid is it in Bengaluru?,humidity,en
ਕੱਲ੍ਹ ਬੈਂਗਲੁਰੂ ਵਿੱਚ ਤਾਪਮਾਨ ਕਿੰਨਾ ਰਹੇਗਾ?,temperature,pa
சென்னைவில் காற்றின் தரம் எப்படி உள்ளது?,air_quality,ta
இந்த வார இறுதியில் கொல்கத்தாவில் வானிலை எப்படி இருக்கும்?,weather_forecast,ta
कोलकाता में सूर्योदय कितने बजे होगा?,sunrise_sunset,hi
Is rain expected in Bhubaneswar?,rain,en
हैदराबाद मध्ये पावसाची शक्यता आहे का?,rain,mr
ಬೆಂಗಳೂರುನಲ್ಲಿ ತಾಪಮಾನ ಎಷ್ಟು?,temperature,kn
భువనేశ్వర్ AQI ఎంత?,air_quality,te
ಭುವನೇಶ್ವರನಲ್ಲಿ ಗಾಳಿಯ ವೇಗ ಎಷ್ಟು?,wind,kn
चेन्नई में आज मौसम कैसा है?,weather_current,hi
আগামীকাল বেঙ্গালুরু এর আবহাওয়া কেমন থাকবে?,weather_forecast,bn
భువనేశ్వర్ AQI ఎంత?,air_quality,te
પુણેમાં તાપમાન કેટલું છે?,temperature,gu
ବେଙ୍ଗାଲୁରୁର ବର୍ତ୍ତମାନ ପାଗ କେମିତି?,weather_current,or
कोलकाता में हवा कितनी तेज है?,wind,hi
புவனேஸ்வர்வில் ஈரப்பதம் எவ்வளவு?,humidity,ta
நாளை புவனேஸ்வர்வில் மழை பெய்யுமா?,rain,ta
ଆଜି ବେଙ୍ଗାଲୁରୁର ଆର୍ଦ୍ରତା କେତେ ରହିବ?,humidity,or
రేపు ముంబైలో వాతావరణం ఎలా ఉంటుంది?,weather_forecast,te
ಮುಂಬೈನಲ್ಲಿ ತೇವಾಂಶ ಎಷ್ಟು?,humidity,kn
ಪುಣೆನಲ್ಲಿ ಮಳೆಯ ಸಾಧ್ಯತೆ ಇದೆಯೇ?,rain,kn
How cold is it in Mumbai?,temperature,en
బెంగళూరుకి వాతావరణ హెచ్చరికలు ఏమైనా ఉన్నాయా?,weather_alert,te
ચેન્નાઈમાં વરસાદની શક્યતા છે?,rain,gu
ଭୁବନେଶ୍ୱରରେ ସୂର୍ଯ୍ୟାସ୍ତ କେତେବେଳେ?,sunrise_sunset,or
Is rain expected in Mumbai?,rain,en
చెన్నైలో వాతావరణ హెచ్చరిక ఉందా?,weather_alert,te
What is the temperature in Chennai?,temperature,en
કાલે ભુવનેશ્વરમાં હવામાન કેવું રહેશે?,weather_forecast,gu
What is the weather like in Hyderabad?,weather_current,en
हैदराबाद मध्ये सूर्योदय किती वाजता होतो?,sunrise_sunset,mr
કોલકાતામાં તાપમાન કેટલું છે?,temperature,gu
ਕੋਲਕਾਤਾ ਵਿੱਚ ਸੂਰਜ ਕਿੰਨੇ ਵਜੇ ਡੁੱਬਦਾ ਹੈ?,sunrise_sunset,pa
டெல்லிவில் எவ்வளவு ஈரப்பதமாக உள்ளது?,humidity,ta
আজ পুনে এর আবহাওয়া কেমন?,weather_current,bn
क्या आज चेन्नई में बारिश होगी?,rain,hi
कोलकाता का मौसम पूर्वानुमान बताओ।,weather_forecast,hi
கொல்கத்தாவில் ஏதேனும் வானிலை எச்சரிக்கை உள்ளதா?,weather_alert,ta
कल मुंबई में तापमान कितना रहेगा?,temperature,hi
ବେଙ୍ଗାଲୁରୁର ବର୍ତ୍ତମାନ ପାଗ କେମିତି?,weather_current,or
ಪುಣೆ ಹವಾಮಾನ ಮುನ್ಸೂಚನೆ ಏನು?,weather_forecast,kn
বেঙ্গালুরু এ বাতাসের গতি কত?,wind,bn
"Which city is colder, Pune or Delhi?",weather_comparison,en
இன்று டெல்லிவில் ஈரப்பதம் எவ்வளவு இருக்கும்?,humidity,ta
कोलकाता मध्ये किती दमट आहे?,humidity,mr
કોલકાતામાં સૂર્યાસ્ત કેટલા વાગ્યે થાય છે?,sunrise_sunset,gu
How humid is it in Delhi?,humidity,en
କୋଲକାତାରେ କେତେ ଗରମ ଅଛି?,temperature,or
বেঙ্গালুরু এ কোনো আবহাওয়া সতর্কতা জারি হয়েছে?,weather_alert,bn
કોલકાતાનો AQI કેટલો છે?,air_quality,gu
ਕੋਲਕਾਤਾ ਦਾ ਮੌਸਮ ਪੂਰਵ ਅਨੁਮਾਨ ਕੀ ਹੈ?,weather_forecast,pa
ହାଇଦ୍ରାବାଦର AQI କେତେ?,air_quality,or
"চেন্নাই না মুম্বাই, কোনটি বেশি ঠান্ডা?",weather_comparison,bn
How hot is it in Bengaluru?,temperature,en
આજે હૈદરાબાદમાં હવામાન કેવું છે?,weather_current,gu
ਹੈਦਰਾਬਾਦ ਵਿੱਚ ਅੱਜ ਮੌਸਮ ਕਿਹੋ ਜਿਹਾ ਹੈ?,weather_current,pa
ಚೆನ್ನೈ ಹವಾಮಾನ ಮುನ್ಸೂಚನೆ ಏನು?,weather_forecast,kn
What will the temperature be in Pune tomorrow?,temperature,en
મુંબઈ માટે કોઈ હવામાન ચેતવણી છે?,weather_alert,gu
पुणे का मौसम पूर्वानुमान बताओ।,weather_forecast,hi
बेंगळुरू आणि चेन्नई पैकी कोणते शहर थंड आहे?,weather_comparison,mr
மும்பைவில் காற்று எவ்வளவு வேகமாக வீசுகிறது?,wind,ta
उद्या चेन्नई मध्ये तापमान किती असेल?,temperature,mr
क्या कल मुंबई में बारिश होगी?,rain,hi
బెంగళూరులో ఉష్ణోగ్రత ఎంత?,temperature,te
ನಾಳೆ ಪುಣೆನಲ್ಲಿ ತಾಪಮಾನ ಎಷ್ಟು ಇರುತ್ತದೆ?,temperature,kn
पुणे के लिए कोई मौसम चेतावनी है?,weather_alert,hi
हैदराबाद मध्ये तापमान किती आहे?,temperature,mr
दिल्ली के लिए कोई मौसम चेतावनी है?,weather_alert,hi
చెన్నైకి వాతావరణ హెచ్చరికలు ఏమైనా ఉన్నాయా?,weather_alert,te
புனேவில் ஏதேனும் வானிலை எச்சரிக்கை உள்ளதா?,weather_alert,ta
కోల్‌కతాకి వాతావరణ హెచ్చరికలు ఏమైనా ఉన్నాయా?,weather_alert,te
दिल्ली मध्ये सूर्योदय किती वाजता होतो?,sunrise_sunset,mr
ଭୁବନେଶ୍ୱର ଏବଂ ବେଙ୍ଗାଲୁରୁର ପାଗ ତୁଳନା କରନ୍ତୁ।,weather_comparison,or
ಮುಂಬೈನಲ್ಲಿ ಎಷ್ಟು ತೇವಾಂಶ ಇದೆ?,humidity,kn
ਬੈਂਗਲੁਰੂ ਅਤੇ ਚੇਨਈ ਦੇ ਮੌਸਮ ਦੀ ਤੁਲਨਾ ਕਰੋ।,weather_comparison,pa
நாளை ஹைதராபாத்வில் வெப்பநிலை எவ்வளவு இருக்கும்?,temperature,ta
நாளை பெங்களூருவில் வானிலை எப்படி இருக்கும்?,weather_forecast,ta
દિલ્હીમાં સૂર્યોદય કેટલા વાગ્યે થાય છે?,sunrise_sunset,gu
आज बेंगलुरु में मौसम कैसा रहेगा?,weather_current,hi
या आठवड्याच्या शेवटी दिल्ली मध्ये हवामान कसे असेल?,weather_forecast,mr
पुणे और भुवनेश्वर में किसका मौसम बेहतर है?,weather_comparison,hi
Are there any weather alerts for Mumbai?,weather_alert,en
দিল্লি এর আর্দ্রতা কত?,humidity,bn
ਦਿੱਲੀ ਵਿੱਚ ਤਾਪਮਾਨ ਕਿੰਨਾ ਹੈ?,temperature,pa
भुवनेश्वर मध्ये वाऱ्याचा वेग किती आहे?,wind,mr
ପୁଣେରେ ତାପମାତ୍ରା କେତେ?,temperature,or
ਦਿੱਲੀ ਵਿੱਚ ਤਾਪਮਾਨ ਕਿੰਨਾ ਹੈ?,temperature,pa
పుణె వాతావరణ సూచన ఏమిటి?,weather_forecast,te
चेन्नई में मौसम की कोई चेतावनी है?,weather_alert,hi
Will it rain tomorrow in Mumbai?,rain,en
How humid is it in Kolkata?,humidity,en
How is the weather in Hyderabad right now?,weather_current,en
ਕੀ ਅੱਜ ਕੋਲਕਾਤਾ ਵਿੱਚ ਮੀਂਹ ਪਵੇਗਾ?,rain,pa
क्या आज कोलकाता में बारिश होगी?,rain,hi
What is the chance of rain in Mumbai?,rain,en
મુંબઈ માટે કોઈ હવામાન ચેતવણી છે?,weather_alert,gu
ఈ వారాంతంలో పుణెలో వాతావరణం ఎలా ఉంటుంది?,weather_forecast,te
ನಾಳೆ ದೆಹಲಿನಲ್ಲಿ ಹವಾಮಾನ ಹೇಗಿರುತ್ತದೆ?,weather_forecast,kn
What weather can I expect in Mumbai tomorrow?,weather_forecast,en
What weather can I expect in Mumbai tomorrow?,weather_forecast,en
బెంగళూరులో ప్రస్తుత వాతావరణం ఎలా ఉంది?,weather_current,te
What is the wind speed in Kolkata?,wind,en
இன்று டெல்லிவில் மழை பெய்யுமா?,rain,ta
इस सप्ताह के अंत में बेंगलुरु में मौसम कैसा रहेगा?,weather_forecast,hi
মুম্বাই এ কোনো আবহাওয়া সতর্কতা জারি হয়েছে?,weather_alert,bn
भुवनेश्वर का वर्तमान मौसम बताओ।,weather_current,hi
How is the air quality in Hyderabad?,air_quality,en
How hot is it in Chennai?,temperature,en
এই সপ্তাহান্তে মুম্বাই এর আবহাওয়া কেমন হবে?,weather_forecast,bn
ଆସନ୍ତାକାଲି ବେଙ୍ଗାଲୁରୁରେ ବର୍ଷା ହେବ କି?,rain,or
ଆଜି ମୁମ୍ବାଇରେ ବର୍ଷା ହେବ କି?,rain,or
ਦਿੱਲੀ ਅਤੇ ਪੁਣੇ ਦੇ ਮੌਸਮ ਦੀ ਤੁਲਨਾ ਕਰੋ।,weather_comparison,pa
दिल्ली मध्ये हवामानाचा इशारा आहे का?,weather_alert,mr
दिल्ली आणि हैदराबाद पैकी कोणते शहर थंड आहे?,weather_comparison,mr
ଆଜି କୋଲକାତାର ଆର୍ଦ୍ରତା କେତେ ରହିବ?,humidity,or
দিল্লি এ সূর্যোদয় কখন?,sunrise_sunset,bn
आज दिल्ली मध्ये आर्द्रता किती असेल?,humidity,mr
பெங்களூருவில் ஏதேனும் வானிலை எச்சரிக்கை உள்ளதா?,weather_alert,ta
ପୁଣେରେ ସୂର୍ଯ୍ୟୋଦୟ କେତେବେଳେ?,sunrise_sunset,or
రేపు బెంగళూరులో ఉష్ణోగ్రత ఎంత ఉంటుంది?,temperature,te
రేపు భువనేశ్వర్లో వర్షం పడుతుందా?,rain,te
நாளை மும்பைவில் வெப்பநிலை எவ்வளவு இருக்கும்?,temperature,ta
चेन्नई मध्ये किती उष्णता आहे?,temperature,mr
ముంబై వాతావరణ సూచన ఏమిటి?,weather_forecast,te
ਕੋਲਕਾਤਾ ਦਾ ਮੌਸਮ ਪੂਰਵ ਅਨੁਮਾਨ ਕੀ ਹੈ?,weather_forecast,pa
டெல்லிவில் சூரிய அஸ்தமனம் எப்போது?,sunrise_sunset,ta
How windy is it in Hyderabad?,wind,en
ಭುವನೇಶ್ವರನಲ್ಲಿ ಗಾಳಿಯ ಗುಣಮಟ್ಟ ಹೇಗಿದೆ?,air_quality,kn
ચેન્નાઈમાં આજે હવામાન કેવું છે?,weather_current,gu
हैदराबाद चा AQI किती आहे?,air_quality,mr
या आठवड्याच्या शेवटी कोलकाता मध्ये हवामान कसे असेल?,weather_forecast,mr
ಕೊಲ್ಕತ್ತಾನಲ್ಲಿ ಗಾಳಿ ಎಷ್ಟು ವೇಗವಾಗಿ ಬೀಸುತ್ತಿದೆ?,wind,kn
ಭುವನೇಶ್ವರನಲ್ಲಿ ಸೂರ್ಯೋದಯ ಯಾವಾಗ?,sunrise_sunset,kn
புவனேஸ்வர்வில் எவ்வளவு வெப்பமாக உள்ளது?,temperature,ta
ਭੁਵਨੇਸ਼ਵਰ ਵਿੱਚ ਇਸ ਵੇਲੇ ਮੌਸਮ ਕਿਹੋ ਜਿਹਾ ਹੈ?,weather_current,pa
पुणे और दिल्ली के मौसम की तुलना करो।,weather_comparison,hi
ಭುವನೇಶ್ವರನಲ್ಲಿ ಎಷ್ಟು ಬಿಸಿಯಾಗಿದೆ?,temperature,kn
ಬೆಂಗಳೂರುನಲ್ಲಿ ಪ್ರಸ್ತುತ ಹವಾಮಾನ ಹೇಗಿದೆ?,weather_current,kn
আজ ভুবনেশ্বর এর আর্দ্রতা কত থাকবে?,humidity,bn
மும்பைவில் எவ்வளவு ஈரப்பதமாக உள்ளது?,humidity,ta
ఢిల్లీకి వాతావరణ హెచ్చరికలు ఏమైనా ఉన్నాయా?,weather_alert,te
মুম্বাই এর আবহাওয়ার পূর্বাভাস কী?,weather_forecast,bn
"பெங்களூரு அல்லது சென்னை, எது குளிராக உள்ளது?",weather_comparison,ta
What is the weather forecast for Hyderabad?,weather_forecast,en
What is the chance of rain in Mumbai?,rain,en
இன்று பெங்களூருவில் வானிலை எப்படி இருக்கும்?,weather_current,ta
पुणे का वर्तमान मौसम बताओ।,weather_current,hi
ముంబైలో ఎంత వేడిగా ఉంది?,temperature,te
चेन्नई में आज मौसम कैसा है?,weather_current,hi
பெங்களூருவில் தற்போதைய வானிலை எப்படி உள்ளது?,weather_current,ta
బెంగళూరులో తేమ ఎంత?,humidity,te
"কলকাতা না ভুবনেশ্বর, কোনটি বেশি ঠান্ডা?",weather_comparison,bn
पुणे मध्ये सूर्यास्त किती वाजता होतो?,sunrise_sunset,mr
हैदराबाद मध्ये आज हवामान कसे आहे?,weather_current,mr
மும்பைவில் காற்றின் தரம் எப்படி உள்ளது?,air_quality,ta
भुवनेश्वर मध्ये सूर्यास्त किती वाजता होतो?,sunrise_sunset,mr
ਕੋਲਕਾਤਾ ਅਤੇ ਬੈਂਗਲੁਰੂ ਦੇ ਮੌਸਮ ਦੀ ਤੁਲਨਾ ਕਰੋ।,weather_comparison,pa
ಪುಣೆನಲ್ಲಿ ಗಾಳಿಯ ವೇಗ ಎಷ್ಟು?,wind,kn
ਹੈਦਰਾਬਾਦ ਵਿੱਚ ਸੂਰਜ ਕਿੰਨੇ ਵਜੇ ਡੁੱਬਦਾ ਹੈ?,sunrise_sunset,pa
ਬੈਂਗਲੁਰੂ ਵਿੱਚ ਤਾਪਮਾਨ ਕਿੰਨਾ ਹੈ?,temperature,pa
भुवनेश्वर मधील सध्याचे हवामान कसे आहे?,weather_current,mr
ముంబైలో గాలి ఎంత వేగంగా వీస్తోంది?,wind,te
চেন্নাই এ কতটা গরম?,temperature,bn
कोलकाता में सूर्यास्त कितने बजे होगा?,sunrise_sunset,hi
Will it rain in Hyderabad today?,rain,en
ભુવનેશ્વર અને દિલ્હીના હવામાનની તુલના કરો.,weather_comparison,gu
पुणे का AQI कितना है?,air_quality,hi
Are there any severe weather warnings in Chennai?,weather_alert,en
মুম্বাই এর জন্য কোনো আবহাওয়া সতর্কতা আছে?,weather_alert,bn
मुंबई मध्ये हवामानाचा इशारा आहे का?,weather_alert,mr
ਮੁੰਬਈ ਵਿੱਚ ਸੂਰਜ ਕਿੰਨੇ ਵਜੇ ਡੁੱਬਦਾ ਹੈ?,sunrise_sunset,pa
ମୁମ୍ବାଇ ଏବଂ ଭୁବନେଶ୍ୱରର ପାଗ ତୁଳନା କରନ୍ତୁ।,weather_comparison,or
बेंगळुरू मध्ये सूर्यास्त किती वाजता होतो?,sunrise_sunset,mr
કોલકાતામાં વરસાદની શક્યતા છે?,rain,gu
ਚੇਨਈ ਦਾ ਮੌਸਮ ਪੂਰਵ ਅਨੁਮਾਨ ਕੀ ਹੈ?,weather_forecast,pa
How strong is the wind in Bengaluru?,wind,en
મુંબઈમાં સૂર્યાસ્ત કેટલા વાગ્યે થાય છે?,sunrise_sunset,gu
What is the AQI in Kolkata?,air_quality,en
ਕੱਲ੍ਹ ਪੁਣੇ ਵਿੱਚ ਮੌਸਮ ਕਿਹੋ ਜਿਹਾ ਰਹੇਗਾ?,weather_forecast,pa
ਕੀ ਅੱਜ ਕੋਲਕਾਤਾ ਵਿੱਚ ਮੀਂਹ ਪਵੇਗਾ?,rain,pa
ଆଜି କୋଲକାତାର ଆର୍ଦ୍ରତା କେତେ ରହିବ?,humidity,or
पुणे मध्ये हवामानाचा इशारा आहे का?,weather_alert,mr
ಇಂದು ಭುವನೇಶ್ವರನಲ್ಲಿ ಮಳೆ ಬೀಳುತ್ತದೆಯೇ?,rain,kn
ఈ రోజు పుణెలో వాతావరణం ఎలా ఉంటుంది?,weather_current,te
How hot is it in Bengaluru?,temperature,en
ਕੀ ਕੱਲ੍ਹ ਪੁਣੇ ਵਿੱਚ ਮੀਂਹ ਪਵੇਗਾ?,rain,pa
What will the temperature be in Mumbai tomorrow?,temperature,en
उद्या बेंगळुरू मध्ये तापमान किती असेल?,temperature,mr
मुंबई मध्ये सूर्यास्त किती वाजता होतो?,sunrise_sunset,mr
આજે કોલકાતામાં વરસાદ પડશે?,rain,gu
சென்னைவில் எவ்வளவு ஈரப்பதமாக உள்ளது?,humidity,ta
ఢిల్లీలో గాలి వేగం ఎంత?,wind,te
What is the weather in Hyderabad today?,weather_current,en
What will the temperature be in Hyderabad tomorrow?,temperature,en
हैदराबाद आणि भुवनेश्वर पैकी कोणते शहर थंड आहे?,weather_comparison,mr
আজ কি পুনে এ বৃষ্টি হবে?,rain,bn
हैदराबाद मध्ये तापमान किती आहे?,temperature,mr
क्या कल बेंगलुरु में बारिश होगी?,rain,hi
মুম্বাই এর তাপমাত্রা কত?,temperature,bn
চেন্নাই এ কতটা গরম?,temperature,bn
ನಾಳೆ ದೆಹಲಿನಲ್ಲಿ ಮಳೆ ಬೀಳುತ್ತದೆಯೇ?,rain,kn
মুম্বাই এর বর্তমান আবহাওয়া কেমন?,weather_current,bn
ఢిల్లీ వాతావరణ సూచన ఏమిటి?,weather_forecast,te
How is the air quality in Bhubaneswar?,air_quality,en
மும்பைவில் சூரிய அஸ்தமனம் எப்போது?,sunrise_sunset,ta
उद्या पुणे मध्ये पाऊस पडेल का?,rain,mr
ನಾಳೆ ಕೊಲ್ಕತ್ತಾನಲ್ಲಿ ಹವಾಮಾನ ಹೇಗಿರುತ್ತದೆ?,weather_forecast,kn
કાલે પુણેમાં હવામાન કેવું રહેશે?,weather_forecast,gu
पुणे मध्ये किती उष्णता आहे?,temperature,mr
ਕੱਲ੍ਹ ਭੁਵਨੇਸ਼ਵਰ ਵਿੱਚ ਤਾਪਮਾਨ ਕਿੰਨਾ ਰਹੇਗਾ?,temperature,pa
ಹೈದರಾಬಾದ್ನ AQI ಎಷ್ಟು?,air_quality,kn
புனே வானிலை முன்னறிவிப்பு என்ன?,weather_forecast,ta
कल भुवनेश्वर में तापमान कितना रहेगा?,temperature,hi
భువనేశ్వర్లో ఎంత వేడిగా ఉంది?,temperature,te
ਬੈਂਗਲੁਰੂ ਵਿੱਚ ਕਿੰਨੀ ਗਰਮੀ ਹੈ?,temperature,pa
পুনে এ সূর্যাস্ত কখন?,sunrise_sunset,bn
Compare the weather in Mumbai and Kolkata.,weather_comparison,en
બેંગલુરુમાં તાપમાન કેટલું છે?,temperature,gu
मुंबई में बारिश की संभावना है?,rain,hi
मुंबई के लिए कोई मौसम चेतावनी है?,weather_alert,hi
पुणे मध्ये आज हवामान कसे आहे?,weather_current,mr
চেন্নাই এ সূর্যোদয় কখন?,sunrise_sunset,bn
ఈ రోజు ఢిల్లీలో వాతావరణం ఎలా ఉంటుంది?,weather_current,te
દિલ્હીમાં કેટલી ગરમી છે?,temperature,gu
ਕੀ ਅੱਜ ਪੁਣੇ ਵਿੱਚ ਮੀਂਹ ਪਵੇਗਾ?,rain,pa
கொல்கத்தா மற்றும் புவனேஸ்வர் வானிலையை ஒப்பிடுங்கள்.,weather_comparison,ta
ଚେନ୍ନାଇ ଏବଂ ପୁଣେର ପାଗ ତୁଳନା କରନ୍ତୁ।,weather_comparison,or
ಮುಂಬೈನಲ್ಲಿ ಪ್ರಸ್ತುತ ಹವಾಮಾನ ಹೇಗಿದೆ?,weather_current,kn
மும்பைவில் தற்போதைய வானிலை எப்படி உள்ளது?,weather_current,ta
आज कोलकाता चे हवामान कसे आहे?,weather_current,mr
இன்று புவனேஸ்வர்வில் வானிலை எப்படி இருக்கும்?,weather_current,ta
Are there any severe weather warnings in Kolkata?,weather_alert,en
இந்த வார இறுதியில் கொல்கத்தாவில் வானிலை எப்படி இருக்கும்?,weather_forecast,ta
बेंगलुरु में आर्द्रता कितनी है?,humidity,hi
ਪੁਣੇ ਵਿੱਚ ਹਵਾ ਦੀ ਗੁਣਵੱਤਾ ਕਿਹੋ ਜਿਹੀ ਹੈ?,air_quality,pa
ਪੁਣੇ ਅਤੇ ਮੁੰਬਈ ਦੇ ਮੌਸਮ ਦੀ ਤੁਲਨਾ ਕਰੋ।,weather_comparison,pa
ପୁଣେରେ ପବନ କେତେ ଜୋରରେ ବହୁଛି?,wind,or
மும்பைவில் வெப்பநிலை எவ்வளவு?,temperature,ta
How strong is the wind in Delhi?,wind,en
బెంగళూరు AQI ఎంత?,air_quality,te
হায়দ্রাবাদ এর আবহাওয়া আমাকে বলুন।,weather_current,bn
ಪುಣೆನಲ್ಲಿ ಸೂರ್ಯೋದಯ ಯಾವಾಗ?,sunrise_sunset,kn
କୋଲକାତାରେ କେତେ ଆର୍ଦ୍ରତା ଅଛି?,humidity,or
ਕੀ ਅੱਜ ਚੇਨਈ ਵਿੱਚ ਮੀਂਹ ਪਵੇਗਾ?,rain,pa
ମୁମ୍ବାଇରେ କେତେ ଗରମ ଅଛି?,temperature,or
ஹைதராபாத்வின் AQI எவ்வளவு?,air_quality,ta
बेंगलुरु का मौसम पूर्वानुमान बताओ।,weather_forecast,hi
ਅੱਜ ਭੁਵਨੇਸ਼ਵਰ ਦਾ ਮੌਸਮ ਕਿਹੋ ਜਿਹਾ ਹੈ?,weather_current,pa
मुंबई मध्ये सूर्योदय किती वाजता होतो?,sunrise_sunset,mr
कोलकाता मध्ये सूर्योदय किती वाजता होतो?,sunrise_sunset,mr
पुणे चे हवामान अंदाज सांगा.,weather_forecast,mr
Is rain expected in Pune?,rain,en
मुंबई मध्ये हवेची गुणवत्ता कशी आहे?,air_quality,mr
ಹೈದರಾಬಾದ್ನಲ್ಲಿ ಸೂರ್ಯಾಸ್ತ ಯಾವಾಗ?,sunrise_sunset,kn
बेंगलुरु और हैदराबाद के मौसम की तुलना करो।,weather_comparison,hi
ମୁମ୍ବାଇରେ ବର୍ଷା ହେବାର ସମ୍ଭାବନା ଅଛି କି?,rain,or
उद्या पुणे मध्ये पाऊस पडेल का?,rain,mr
ଭୁବନେଶ୍ୱରର AQI କେତେ?,air_quality,or
How will the weather be in Kolkata this weekend?,weather_forecast,en
"ದೆಹಲಿ ಅಥವಾ ಬೆಂಗಳೂರು, ಯಾವುದು ಹೆಚ್ಚು ತಂಪಾಗಿದೆ?",weather_comparison,kn
दिल्ली में कितनी गर्मी है?,temperature,hi
पुणे का मौसम पूर्वानुमान बताओ।,weather_forecast,hi
આજે મુંબઈમાં ભેજ કેટલો રહેશે?,humidity,gu
புவனேஸ்வர்வில் காற்று எவ்வளவு வேகமாக வீசுகிறது?,wind,ta
ಮುಂಬೈಗೆ ಯಾವುದೇ ಹವಾಮಾನ ಎಚ್ಚರಿಕೆ ಇದೆಯೇ?,weather_alert,kn
कल दिल्ली में मौसम कैसा रहेगा?,weather_forecast,hi
ବେଙ୍ଗାଲୁରୁରେ ତାପମାତ୍ରା କେତେ?,temperature,or
દિલ્હીમાં કેટલી ગરમી છે?,temperature,gu
কলকাতা এ সূর্যাস্ত কখন?,sunrise_sunset,bn
ମୁମ୍ବାଇରେ କୌଣସି ପାଗ ସତର୍କତା ଅଛି କି?,weather_alert,or
ଆସନ୍ତାକାଲି ଦିଲ୍ଲୀରେ ବର୍ଷା ହେବ କି?,rain,or
ఈ రోజు పుణెలో వర్షం పడుతుందా?,rain,te
ਦਿੱਲੀ ਵਿੱਚ ਮੀਂਹ ਦੀ ਸੰਭਾਵਨਾ ਹੈ?,rain,pa
પુણેમાં હવામાનની કોઈ ચેતવણી છે?,weather_alert,gu
ਇਸ ਹਫ਼ਤੇ ਦੇ ਅੰਤ ਵਿੱਚ ਬੈਂਗਲੁਰੂ ਵਿੱਚ ਮੌਸਮ ਕਿਹੋ ਜਿਹਾ ਰਹੇਗਾ?,weather_forecast,pa
আগামীকাল দিল্লি এর তাপমাত্রা কত থাকবে?,temperature,bn
நாளை மும்பைவில் வானிலை எப்படி இருக்கும்?,weather_forecast,ta
મુંબઈનું હવામાન અનુમાન શું છે?,weather_forecast,gu
Will it rain tomorrow in Delhi?,rain,en
এই সপ্তাহান্তে কলকাতা এর আবহাওয়া কেমন হবে?,weather_forecast,bn
What is the AQI in Delhi?,air_quality,en
ਅੱਜ ਦਿੱਲੀ ਦਾ ਮੌਸਮ ਕਿਹੋ ਜਿਹਾ ਹੈ?,weather_current,pa
ਬੈਂਗਲੁਰੂ ਵਿੱਚ ਹਵਾ ਦੀ ਗੁਣਵੱਤਾ ਕਿਹੋ ਜਿਹੀ ਹੈ?,air_quality,pa
দিল্লি এ কতটা গরম?,temperature,bn
ಇಂದು ಭುವನೇಶ್ವರನಲ್ಲಿ ತೇವಾಂಶ ಎಷ್ಟು ಇರುತ್ತದೆ?,humidity,kn
What will the weather be like in Chennai tomorrow?,weather_forecast,en
આજે કોલકાતામાં હવામાન કેવું છે?,weather_current,gu
কলকাতা এ বাতাসের গতি কত?,wind,bn
કોલકાતામાં સૂર્યોદય કેટલા વાગ્યે થાય છે?,sunrise_sunset,gu
கொல்கத்தாவில் எவ்வளவு ஈரப்பதமாக உள்ளது?,humidity,ta
நாளை கொல்கத்தாவில் வானிலை எப்படி இருக்கும்?,weather_forecast,ta
କୋଲକାତାରେ କେତେ ଆର୍ଦ୍ରତା ଅଛି?,humidity,or
ବେଙ୍ଗାଲୁରୁରେ ଆଜି ପାଗ କେମିତି ଅଛି?,weather_current,or
బెంగళూరులో ఎంత తేమ ఉంది?,humidity,te
ಹೈದರಾಬಾದ್ನಲ್ಲಿ ಎಷ್ಟು ಬಿಸಿಯಾಗಿದೆ?,temperature,kn
હૈદરાબાદ માટે કોઈ હવામાન ચેતવણી છે?,weather_alert,gu
டெல்லிவில் தற்போதைய வானிலை எப்படி உள்ளது?,weather_current,ta
કાલે મુંબઈમાં વરસાદ પડશે?,rain,gu
ਭੁਵਨੇਸ਼ਵਰ ਲਈ ਕੋਈ ਮੌਸਮ ਚੇਤਾਵਨੀ ਹੈ?,weather_alert,pa
ਕੀ ਅੱਜ ਕੋਲਕਾਤਾ ਵਿੱਚ ਮੀਂਹ ਪਵੇਗਾ?,rain,pa
How will the weather be in Mumbai this weekend?,weather_forecast,en
કોલકાતામાં આજે હવામાન કેવું છે?,weather_current,gu
ଏହି ସପ୍ତାହ ଶେଷରେ ଦିଲ୍ଲୀର ପାଗ କେମିତି ରହିବ?,weather_forecast,or
કોલકાતામાં હવામાનની કોઈ ચેતવણી છે?,weather_alert,gu
భువనేశ్వర్లో వాతావరణ హెచ్చరిక ఉందా?,weather_alert,te
दिल्ली आणि कोलकाता मधील हवामानाची तुलना करा.,weather_comparison,mr
আজ কলকাতা এর আবহাওয়া কেমন?,weather_current,bn
"புவனேஸ்வர் அல்லது மும்பை, எது குளிராக உள்ளது?",weather_comparison,ta
Is there a chance of rain in Chennai?,rain,en
कल हैदराबाद में तापमान कितना रहेगा?,temperature,hi
ఢిల్లీ AQI ఎంత?,air_quality,te
ಇಂದು ಮುಂಬೈನಲ್ಲಿ ತೇವಾಂಶ ಎಷ್ಟು ಇರುತ್ತದೆ?,humidity,kn
What is the wind speed in Bhubaneswar?,wind,en
कोलकाता आणि मुंबई पैकी कोणते शहर थंड आहे?,weather_comparison,mr
কলকাতা এ সূর্যোদয় কখন?,sunrise_sunset,bn
What is the AQI in Chennai?,air_quality,en
ఢిల్లీలో ఎంత తేమ ఉంది?,humidity,te
ଭୁବନେଶ୍ୱର ଏବଂ ବେଙ୍ଗାଲୁରୁର ପାଗ ତୁଳନା କରନ୍ତୁ।,weather_comparison,or
How hot is it in Kolkata?,temperature,en
Will it rain tomorrow in Bhubaneswar?,rain,en
ದೆಹಲಿನಲ್ಲಿ ಗಾಳಿ ಎಷ್ಟು ವೇಗವಾಗಿ ಬೀಸುತ್ತಿದೆ?,wind,kn
मुंबई में सूर्यास्त कितने बजे होगा?,sunrise_sunset,hi
दिल्ली मध्ये वारा किती जोरात आहे?,wind,mr
मुंबई में बारिश की संभावना है?,rain,hi
ಕೊಲ್ಕತ್ತಾನಲ್ಲಿ ಎಷ್ಟು ತೇವಾಂಶ ಇದೆ?,humidity,kn
हैदराबाद में आर्द्रता कितनी है?,humidity,hi
Will it rain tomorrow in Bhubaneswar?,rain,en
சென்னைவில் எவ்வளவு ஈரப்பதமாக உள்ளது?,humidity,ta
हैदराबाद के लिए कोई मौसम चेतावनी है?,weather_alert,hi
ହାଇଦ୍ରାବାଦରେ ବର୍ଷା ହେବାର ସମ୍ଭାବନା ଅଛି କି?,rain,or
ଭୁବନେଶ୍ୱରର ବର୍ତ୍ତମାନ ପାଗ କେମିତି?,weather_current,or
How strong is the wind in Mumbai?,wind,en
कोलकाता का मौसम पूर्वानुमान बताओ।,weather_forecast,hi
சென்னைவில் காற்று எவ்வளவு வேகமாக வீசுகிறது?,wind,ta
Give me the weather forecast for Delhi.,weather_forecast,en
ಹೈದರಾಬಾದ್ನಲ್ಲಿ ಇಂದು ಹವಾಮಾನ ಹೇಗಿದೆ?,weather_current,kn
चेन्नई में सूर्यास्त कितने बजे होगा?,sunrise_sunset,hi
హైదరాబాద్లో ప్రస్తుత వాతావరణం ఎలా ఉంది?,weather_current,te
కోల్‌కతా వాతావరణ సూచన ఏమిటి?,weather_forecast,te
পুনে এ কতটা আর্দ্র?,humidity,bn
చెన్నైలో గాలి ఎంత వేగంగా వీస్తోంది?,wind,te
કાલે ચેન્નાઈમાં હવામાન કેવું રહેશે?,weather_forecast,gu
दिल्ली में बारिश की संभावना है?,rain,hi
পুনে এর বর্তমান আবহাওয়া কেমন?,weather_current,bn
చెన్నైలో సూర్యాస్తమయం ఎప్పుడు?,sunrise_sunset,te
ਇਸ ਹਫ਼ਤੇ ਦੇ ਅੰਤ ਵਿੱਚ ਚੇਨਈ ਵਿੱਚ ਮੌਸਮ ਕਿਹੋ ਜਿਹਾ ਰਹੇਗਾ?,weather_forecast,pa
How windy is it in Pune?,wind,en
రేపు బెంగళూరులో వాతావరణం ఎలా ఉంటుంది?,weather_forecast,te
ಚೆನ್ನೈನಲ್ಲಿ ಮಳೆಯ ಸಾಧ್ಯತೆ ಇದೆಯೇ?,rain,kn
ಕೊಲ್ಕತ್ತಾನಲ್ಲಿ ಮಳೆಯ ಸಾಧ್ಯತೆ ಇದೆಯೇ?,rain,kn
Are there any severe weather warnings in Hyderabad?,weather_alert,en
କୋଲକାତା ଏବଂ ହାଇଦ୍ରାବାଦର ପାଗ ତୁଳନା କରନ୍ତୁ।,weather_comparison,or
চেন্নাই এ সূর্যোদয় কখন?,sunrise_sunset,bn
What will the temperature be in Bhubaneswar tomorrow?,temperature,en
କୋଲକାତାରେ ବର୍ଷା ହେବାର ସମ୍ଭାବନା ଅଛି କି?,rain,or
এই সপ্তাহান্তে দিল্লি এর আবহাওয়া কেমন হবে?,weather_forecast,bn
ಇಂದು ಪುಣೆನಲ್ಲಿ ತೇವಾಂಶ ಎಷ್ಟು ಇರುತ್ತದೆ?,humidity,kn
ਮੁੰਬਈ ਵਿੱਚ ਅੱਜ ਮੌਸਮ ਕਿਹੋ ਜਿਹਾ ਹੈ?,weather_current,pa
బెంగళూరులో సూర్యోదయం ఎప్పుడు?,sunrise_sunset,te
ఈ వారాంతంలో పుణెలో వాతావరణం ఎలా ఉంటుంది?,weather_forecast,te
కోల్‌కతాలో సూర్యోదయం ఎప్పుడు?,sunrise_sunset,te
आज भुवनेश्वर मध्ये पाऊस पडेल का?,rain,mr
ਚੇਨਈ ਅਤੇ ਮੁੰਬਈ ਵਿੱਚੋਂ ਕਿਹੜਾ ਠੰਡਾ ਹੈ?,weather_comparison,pa
ମୁମ୍ବାଇ ପାଇଁ କୌଣସି ପାଣିପାଗ ସତର୍କତା ଅଛି କି?,weather_alert,or
ಹೈದರಾಬಾದ್ ಮತ್ತು ಭುವನೇಶ್ವರ ಹವಾಮಾನವನ್ನು ಹೋಲಿಸಿ.,weather_comparison,kn
হায়দ্রাবাদ এর বর্তমান আবহাওয়া কেমন?,weather_current,bn
पुणे में आर्द्रता कितनी है?,humidity,hi
ਇਸ ਹਫ਼ਤੇ ਦੇ ਅੰਤ ਵਿੱਚ ਬੈਂਗਲੁਰੂ ਵਿੱਚ ਮੌਸਮ ਕਿਹੋ ਜਿਹਾ ਰਹੇਗਾ?,weather_forecast,pa
ଆସନ୍ତାକାଲି ପୁଣେରେ ବର୍ଷା ହେବ କି?,rain,or
କୋଲକାତାରେ ସୂର୍ଯ୍ୟୋଦୟ କେତେବେଳେ?,sunrise_sunset,or
బెంగళూరు AQI ఎంత?,air_quality,te
ಭುವನೇಶ್ವರ ಮತ್ತು ಮುಂಬೈ ಹವಾಮಾನವನ್ನು ಹೋಲಿಸಿ.,weather_comparison,kn
আগামীকাল কি ভুবনেশ্বর এ বৃষ্টি হবে?,rain,bn
ਕੀ ਕੱਲ੍ਹ ਭੁਵਨੇਸ਼ਵਰ ਵਿੱਚ ਮੀਂਹ ਪਵੇਗਾ?,rain,pa
ପୁଣେରେ ବର୍ଷା ହେବାର ସମ୍ଭାବନା ଅଛି କି?,rain,or
ಭುವನೇಶ್ವರನಲ್ಲಿ ಹವಾಮಾನ ಎಚ್ಚರಿಕೆ ಇದೆಯೇ?,weather_alert,kn
ਕੀ ਅੱਜ ਮੁੰਬਈ ਵਿੱਚ ਮੀਂਹ ਪਵੇਗਾ?,rain,pa
आज हैदराबाद चे हवामान कसे आहे?,weather_current,mr
कोलकाता का वर्तमान मौसम बताओ।,weather_current,hi
પુણેમાં ભેજ કેટલો છે?,humidity,gu
उद्या मुंबई मध्ये पाऊस पडेल का?,rain,mr
कल मुंबई में तापमान कितना रहेगा?,temperature,hi
ଆସନ୍ତାକାଲି କୋଲକାତାରେ ପାଗ କେମିତି ରହିବ?,weather_forecast,or
बेंगळुरू मध्ये वाऱ्याचा वेग किती आहे?,wind,mr
బెంగళూరులో ప్రస్తుత వాతావరణం ఎలా ఉంది?,weather_current,te
ବେଙ୍ଗାଲୁରୁ ଏବଂ କୋଲକାତାର ପାଗ ତୁଳନା କରନ୍ତୁ।,weather_comparison,or
आज कोलकाता मध्ये आर्द्रता किती असेल?,humidity,mr
मुंबई में अभी मौसम कैसा है?,weather_current,hi
Will it rain tomorrow in Pune?,rain,en
ಇಂದು ಬೆಂಗಳೂರುನಲ್ಲಿ ಹವಾಮಾನ ಹೇಗಿರುತ್ತದೆ?,weather_current,kn
કાલે મુંબઈમાં વરસાદ પડશે?,rain,gu
પુણેમાં આજે હવામાન કેવું છે?,weather_current,gu
ನಾಳೆ ಪುಣೆನಲ್ಲಿ ಮಳೆ ಬೀಳುತ್ತದೆಯೇ?,rain,kn
ಇಂದು ಮುಂಬೈನಲ್ಲಿ ಮಳೆ ಬೀಳುತ್ತದೆಯೇ?,rain,kn
દિલ્હીમાં પવન કેટલો ઝડપી છે?,wind,gu
How will the weather be in Delhi this weekend?,weather_forecast,en
நாளை கொல்கத்தாவில் வெப்பநிலை எவ்வளவு இருக்கும்?,temperature,ta
आज दिल्ली चे हवामान कसे आहे?,weather_current,mr
Are there any weather alerts for Bengaluru?,weather_alert,en
రేపు భువనేశ్వర్లో వర్షం పడుతుందా?,rain,te
"కోల్‌కతా లేదా ముంబై, ఏది చల్లగా ఉంది?",weather_comparison,te
What is the humidity in Bengaluru?,humidity,en
કાલે ચેન્નાઈમાં તાપમાન કેટલું રહેશે?,temperature,gu
How is the air quality in Kolkata?,air_quality,en
రేపు భువనేశ్వర్లో ఉష్ణోగ్రత ఎంత ఉంటుంది?,temperature,te
કોલકાતામાં તાપમાન કેટલું છે?,temperature,gu
ಕೊಲ್ಕತ್ತಾನಲ್ಲಿ ಗಾಳಿಯ ವೇಗ ಎಷ್ಟು?,wind,kn
ముంబైలో ఎంత వేడిగా ఉంది?,temperature,te
ਪੁਣੇ ਲਈ ਕੋਈ ਮੌਸਮ ਚੇਤਾਵਨੀ ਹੈ?,weather_alert,pa
ଚେନ୍ନାଇରେ ତାପମାତ୍ରା କେତେ?,temperature,or
Are there any weather alerts for Delhi?,weather_alert,en
ভুবনেশ্বর এবং পুনে এর আবহাওয়ার তুলনা করুন।,weather_comparison,bn
రేపు ఢిల్లీలో వాతావరణం ఎలా ఉంటుంది?,weather_forecast,te
What is the weather in Delhi today?,weather_current,en
ಇಂದು ದೆಹಲಿನಲ್ಲಿ ಮಳೆ ಬೀಳುತ್ತದೆಯೇ?,rain,kn
दिल्ली का AQI कितना है?,air_quality,hi
"ବେଙ୍ଗାଲୁରୁ ନା ଦିଲ୍ଲୀ, କେଉଁଠି ଅଧିକ ଥଣ୍ଡା?",weather_comparison,or
पुणे में आज मौसम कैसा है?,weather_current,hi
ఢిల్లీలో సూర్యోదయం ఎప్పుడు?,sunrise_sunset,te
उद्या मुंबई मध्ये तापमान किती असेल?,temperature,mr
Is there a weather warning for Hyderabad?,weather_alert,en
मुंबई में बारिश की संभावना है?,rain,hi
बेंगळुरू मध्ये तापमान किती आहे?,temperature,mr
What is the weather like in Chennai?,weather_current,en
ಭುವನೇಶ್ವರನಲ್ಲಿ ಹವಾಮಾನ ಎಚ್ಚರಿಕೆ ಇದೆಯೇ?,weather_alert,kn
मुंबई मध्ये आर्द्रता किती आहे?,humidity,mr
இந்த வார இறுதியில் பெங்களூருவில் வானிலை எப்படி இருக்கும்?,weather_forecast,ta
ভুবনেশ্বর এ বাতাস কতটা জোরে বইছে?,wind,bn
ಬೆಂಗಳೂರುನಲ್ಲಿ ಹವಾಮಾನ ಎಚ್ಚರಿಕೆ ಇದೆಯೇ?,weather_alert,kn
इस सप्ताह के अंत में कोलकाता में मौसम कैसा रहेगा?,weather_forecast,hi
கொல்கத்தாவில் சூரிய அஸ்தமனம் எப்போது?,sunrise_sunset,ta
ఢిల్లీకి వాతావరణ హెచ్చరికలు ఏమైనా ఉన్నాయా?,weather_alert,te
બેંગલુરુમાં પવન કેટલો ઝડપી છે?,wind,gu
ହାଇଦ୍ରାବାଦରେ ଆର୍ଦ୍ରତା କେତେ?,humidity,or
ચેન્નાઈમાં ભેજ કેટલો છે?,humidity,gu
ભુવનેશ્વરનું હાલનું હવામાન કેવું છે?,weather_current,gu
बेंगलुरु में तापमान कितना है?,temperature,hi
দিল্লি এ কতটা আর্দ্র?,humidity,bn
আগামীকাল দিল্লি এর আবহাওয়া কেমন থাকবে?,weather_forecast,bn
आज हैदराबाद में मौसम कैसा रहेगा?,weather_current,hi
বেঙ্গালুরু এবং চেন্নাই এর আবহাওয়ার তুলনা করুন।,weather_comparison,bn
बेंगळुरू मध्ये हवेची गुणवत्ता कशी आहे?,air_quality,mr
इस सप्ताह के अंत में दिल्ली में मौसम कैसा रहेगा?,weather_forecast,hi
मुंबई चे हवामान अंदाज सांगा.,weather_forecast,mr
ਭੁਵਨੇਸ਼ਵਰ ਅਤੇ ਪੁਣੇ ਵਿੱਚੋਂ ਕਿਹੜਾ ਠੰਡਾ ਹੈ?,weather_comparison,pa
சென்னைவில் எவ்வளவு வெப்பமாக உள்ளது?,temperature,ta
நாளை புவனேஸ்வர்வில் வெப்பநிலை எவ்வளவு இருக்கும்?,temperature,ta
ముంబైలో వాతావరణ హెచ్చరిక ఉందా?,weather_alert,te
ଏହି ସପ୍ତାହ ଶେଷରେ ଦିଲ୍ଲୀର ପାଗ କେମିତି ରହିବ?,weather_forecast,or
ਕੋਲਕਾਤਾ ਵਿੱਚ ਇਸ ਵੇਲੇ ਮੌਸਮ ਕਿਹੋ ਜਿਹਾ ਹੈ?,weather_current,pa
ଆସନ୍ତାକାଲି ମୁମ୍ବାଇରେ ବର୍ଷା ହେବ କି?,rain,or
मुंबई में तापमान कितना है?,temperature,hi
દિલ્હીમાં હવાની ગુણવત્તા કેવી છે?,air_quality,gu
Give me the weather forecast for Chennai.,weather_forecast,en
क्या आज पुणे में बारिश होगी?,rain,hi
ਬੈਂਗਲੁਰੂ ਵਿੱਚ ਹਵਾ ਦੀ ਰਫ਼ਤਾਰ ਕਿੰਨੀ ਹੈ?,wind,pa
ಭುವನೇಶ್ವರನಲ್ಲಿ ಎಷ್ಟು ತೇವಾಂಶ ಇದೆ?,humidity,kn
Will it rain tomorrow in Bhubaneswar?,rain,en
उद्या कोलकाता मध्ये हवामान कसे असेल?,weather_forecast,mr
ಭುವನೇಶ್ವರನಲ್ಲಿ ಸೂರ್ಯಾಸ್ತ ಯಾವಾಗ?,sunrise_sunset,kn
ಹೈದರಾಬಾದ್ನಲ್ಲಿ ಗಾಳಿಯ ಗುಣಮಟ್ಟ ಹೇಗಿದೆ?,air_quality,kn
హైదరాబాద్లో ఎంత వేడిగా ఉంది?,temperature,te
हैदराबाद में हवा कितनी तेज है?,wind,hi
आज चेन्नई मध्ये आर्द्रता किती असेल?,humidity,mr
उद्या बेंगळुरू मध्ये तापमान किती असेल?,temperature,mr
ਹੈਦਰਾਬਾਦ ਵਿੱਚ ਅੱਜ ਮੌਸਮ ਕਿਹੋ ਜਿਹਾ ਹੈ?,weather_current,pa
బెంగళూరులో వాతావరణ హెచ్చరిక ఉందా?,weather_alert,te
భువనేశ్వర్లో తేమ ఎంత?,humidity,te
ఢిల్లీలో వాతావరణ హెచ్చరిక ఉందా?,weather_alert,te
हैदराबाद में कितनी गर्मी है?,temperature,hi
पुणे मध्ये हवेची गुणवत्ता कशी आहे?,air_quality,mr
दिल्ली आणि कोलकाता मधील हवामानाची तुलना करा.,weather_comparison,mr
আজ হায়দ্রাবাদ এর আবহাওয়া কেমন?,weather_current,bn
"ஹைதராபாத் அல்லது மும்பை, எது குளிராக உள்ளது?",weather_comparison,ta
આજે પુણેમાં ભેજ કેટલો રહેશે?,humidity,gu
আগামীকাল চেন্নাই এর তাপমাত্রা কত থাকবে?,temperature,bn
कोलकाता आणि मुंबई पैकी कोणते शहर थंड आहे?,weather_comparison,mr
ଏହି ସପ୍ତାହ ଶେଷରେ କୋଲକାତାର ପାଗ କେମିତି ରହିବ?,weather_forecast,or
দিল্লি এর আবহাওয়ার পূর্বাভাস কী?,weather_forecast,bn
दिल्ली में सूर्यास्त कितने बजे होगा?,sunrise_sunset,hi
ನಾಳೆ ಭುವನೇಶ್ವರನಲ್ಲಿ ಹವಾಮಾನ ಹೇಗಿರುತ್ತದೆ?,weather_forecast,kn
ভুবনেশ্বর এ সূর্যোদয় কখন?,sunrise_sunset,bn
హైదరాబాద్కి వాతావరణ హెచ్చరికలు ఏమైనా ఉన్నాయా?,weather_alert,te
ਪੁਣੇ ਵਿੱਚ ਮੌਸਮ ਦੀ ਕੋਈ ਚੇਤਾਵਨੀ ਹੈ?,weather_alert,pa
ਅੱਜ ਹੈਦਰਾਬਾਦ ਦਾ ਮੌਸਮ ਕਿਹੋ ਜਿਹਾ ਹੈ?,weather_current,pa
हैदराबाद के लिए कोई मौसम चेतावनी है?,weather_alert,hi
मुंबई चा AQI किती आहे?,air_quality,mr
How will the weather be in Delhi this weekend?,weather_forecast,en
इस सप्ताह के अंत में मुंबई में मौसम कैसा रहेगा?,weather_forecast,hi
हैदराबाद मध्ये वारा किती जोरात आहे?,wind,mr
ಹೈದರಾಬಾದ್ನಲ್ಲಿ ಇಂದು ಹವಾಮಾನ ಹೇಗಿದೆ?,weather_current,kn
చెన్నైకి వాతావరణ హెచ్చరికలు ఏమైనా ఉన్నాయా?,weather_alert,te
மும்பைவில் காற்றின் வேகம் எவ்வளவு?,wind,ta
ಕೊಲ್ಕತ್ತಾನಲ್ಲಿ ಗಾಳಿಯ ಗುಣಮಟ್ಟ ಹೇಗಿದೆ?,air_quality,kn
ଚେନ୍ନାଇରେ କେତେ ଗରମ ଅଛି?,temperature,or
ଏହି ସପ୍ତାହ ଶେଷରେ ଦିଲ୍ଲୀର ପାଗ କେମିତି ରହିବ?,weather_forecast,or
What will the temperature be in Chennai tomorrow?,temperature,en
ಕೊಲ್ಕತ್ತಾನಲ್ಲಿ ಗಾಳಿಯ ಗುಣಮಟ್ಟ ಹೇಗಿದೆ?,air_quality,kn
पुणे के लिए कोई मौसम चेतावनी है?,weather_alert,hi
ਚੇਨਈ ਵਿੱਚ ਇਸ ਵੇਲੇ ਮੌਸਮ ਕਿਹੋ ਜਿਹਾ ਹੈ?,weather_current,pa
મુંબઈમાં કેટલી ભેજ છે?,humidity,gu
டெல்லிவில் சூரிய அஸ்தமனம் எப்போது?,sunrise_sunset,ta
டெல்லிவின் AQI எவ்வளவு?,air_quality,ta
மும்பைவில் தற்போதைய வானிலை எப்படி உள்ளது?,weather_current,ta
बेंगलुरु में हवा की गुणवत्ता कैसी है?,air_quality,hi
బెంగళూరులో గాలి వేగం ఎంత?,wind,te
ದೆಹಲಿನಲ್ಲಿ ಎಷ್ಟು ತೇವಾಂಶ ಇದೆ?,humidity,kn
What time does the sun rise in Chennai?,sunrise_sunset,en
బెంగళూరులో వాతావరణ హెచ్చరిక ఉందా?,weather_alert,te
ହାଇଦ୍ରାବାଦରେ ତାପମାତ୍ରା କେତେ?,temperature,or
நாளை மும்பைவில் வெப்பநிலை எவ்வளவு இருக்கும்?,temperature,ta
ಚೆನ್ನೈನಲ್ಲಿ ಪ್ರಸ್ತುತ ಹವಾಮಾನ ಹೇಗಿದೆ?,weather_current,kn
हैदराबाद चा AQI किती आहे?,air_quality,mr
કાલે પુણેમાં હવામાન કેવું રહેશે?,weather_forecast,gu
ముంబైలో సూర్యోదయం ఎప్పుడు?,sunrise_sunset,te
How cold is it in Chennai?,temperature,en
चेन्नई मध्ये सूर्यास्त किती वाजता होतो?,sunrise_sunset,mr
আগামীকাল দিল্লি এর আবহাওয়া কেমন থাকবে?,weather_forecast,bn
How hot is it in Delhi?,temperature,en
What is the temperature in Delhi?,temperature,en
કોલકાતાનો AQI કેટલો છે?,air_quality,gu
ଚେନ୍ନାଇରେ ତାପମାତ୍ରା କେତେ?,temperature,or
భువనేశ్వర్లో వాతావరణ హెచ్చరిక ఉందా?,weather_alert,te
ముంబై మరియు బెంగళూరు వాతావరణాన్ని పోల్చండి.,weather_comparison,te
ହାଇଦ୍ରାବାଦର AQI କେତେ?,air_quality,or
મુંબઈમાં પવન કેટલો ઝડપી છે?,wind,gu
ਚੇਨਈ ਅਤੇ ਮੁੰਬਈ ਵਿੱਚੋਂ ਕਿਹੜਾ ਠੰਡਾ ਹੈ?,weather_comparison,pa
ଆଜି କୋଲକାତାରେ ବର୍ଷା ହେବ କି?,rain,or
हैदराबाद मध्ये हवेची गुणवत्ता कशी आहे?,air_quality,mr
ଆଜି ହାଇଦ୍ରାବାଦର ପାଗ କେମିତି?,weather_current,or
ನಾಳೆ ಭುವನೇಶ್ವರನಲ್ಲಿ ಹವಾಮಾನ ಹೇಗಿರುತ್ತದೆ?,weather_forecast,kn
ਹੈਦਰਾਬਾਦ ਵਿੱਚ ਕਿੰਨੀ ਗਰਮੀ ਹੈ?,temperature,pa
ਇਸ ਹਫ਼ਤੇ ਦੇ ਅੰਤ ਵਿੱਚ ਦਿੱਲੀ ਵਿੱਚ ਮੌਸਮ ਕਿਹੋ ਜਿਹਾ ਰਹੇਗਾ?,weather_forecast,pa
ପୁଣେରେ ସୂର୍ଯ୍ୟୋଦୟ କେତେବେଳେ?,sunrise_sunset,or
आज भुवनेश्वर चे हवामान कसे आहे?,weather_current,mr
బెంగళూరు మరియు ముంబై వాతావరణాన్ని పోల్చండి.,weather_comparison,te
કોલકાતા માટે કોઈ હવામાન ચેતવણી છે?,weather_alert,gu
"పుణె లేదా హైదరాబాద్, ఏది చల్లగా ఉంది?",weather_comparison,te
புனேவில் எவ்வளவு வெப்பமாக உள்ளது?,temperature,ta
భువనేశ్వర్లో ఉష్ణోగ్రత ఎంత?,temperature,te
ଆଜି କୋଲକାତାର ପାଗ କେମିତି?,weather_current,or
उद्या मुंबई मध्ये हवामान कसे असेल?,weather_forecast,mr
நாளை டெல்லிவில் வெப்பநிலை எவ்வளவு இருக்கும்?,temperature,ta
ಇಂದು ಬೆಂಗಳೂರುನಲ್ಲಿ ತೇವಾಂಶ ಎಷ್ಟು ಇರುತ್ತದೆ?,humidity,kn
આ સપ્તાહના અંતે ભુવનેશ્વરમાં હવામાન કેવું રહેશે?,weather_forecast,gu
நாளை கொல்கத்தாவில் மழை பெய்யுமா?,rain,ta
પુણેમાં સૂર્યોદય કેટલા વાગ્યે થાય છે?,sunrise_sunset,gu
ஹைதராபாத்வில் ஏதேனும் வானிலை எச்சரிக்கை உள்ளதா?,weather_alert,ta
ಇಂದು ಭುವನೇಶ್ವರನಲ್ಲಿ ಮಳೆ ಬೀಳುತ್ತದೆಯೇ?,rain,kn
बेंगळुरू मध्ये आज हवामान कसे आहे?,weather_current,mr
चेन्नई में हवा कितनी तेज है?,wind,hi
பெங்களூருவில் வெப்பநிலை எவ்வளவு?,temperature,ta
ਭੁਵਨੇਸ਼ਵਰ ਵਿੱਚ ਕਿੰਨੀ ਗਰਮੀ ਹੈ?,temperature,pa
"Which city is colder, Bengaluru or Hyderabad?",weather_comparison,en
कोलकाता में कितनी गर्मी है?,temperature,hi
"చెన్నై లేదా ముంబై, ఏది చల్లగా ఉంది?",weather_comparison,te
ਕੱਲ੍ਹ ਪੁਣੇ ਵਿੱਚ ਮੌਸਮ ਕਿਹੋ ਜਿਹਾ ਰਹੇਗਾ?,weather_forecast,pa
कल चेन्नई में मौसम कैसा रहेगा?,weather_forecast,hi
Is there a weather warning for Hyderabad?,weather_alert,en
హైదరాబాద్లో సూర్యాస్తమయం ఎప్పుడు?,sunrise_sunset,te
পুনে এ সূর্যাস্ত কখন?,sunrise_sunset,bn
When is sunset in Bengaluru?,sunrise_sunset,en
What weather can I expect in Kolkata tomorrow?,weather_forecast,en
कल दिल्ली में मौसम कैसा रहेगा?,weather_forecast,hi
ભુવનેશ્વર અને દિલ્હીના હવામાનની તુલના કરો.,weather_comparison,gu
How hot is it in Hyderabad?,temperature,en
ಬೆಂಗಳೂರುನಲ್ಲಿ ತೇವಾಂಶ ಎಷ್ಟು?,humidity,kn
ଆଜି ପୁଣେର ପାଗ କେମିତି?,weather_current,or
What weather can I expect in Mumbai tomorrow?,weather_forecast,en
ఢిల్లీలో ఎంత వేడిగా ఉంది?,temperature,te
पुणे चा AQI किती आहे?,air_quality,mr
ਚੇਨਈ ਅਤੇ ਮੁੰਬਈ ਦੇ ਮੌਸਮ ਦੀ ਤੁਲਨਾ ਕਰੋ।,weather_comparison,pa
मुंबई में तापमान कितना है?,temperature,hi
Tell me the temperature in Mumbai.,temperature,en
இன்று பெங்களூருவில் வானிலை எப்படி இருக்கும்?,weather_current,ta
What is the weather forecast for Mumbai?,weather_forecast,en
How cold is it in Mumbai?,temperature,en
હૈદરાબાદમાં કેટલી ગરમી છે?,temperature,gu
இந்த வார இறுதியில் டெல்லிவில் வானிலை எப்படி இருக்கும்?,weather_forecast,ta
या आठवड्याच्या शेवटी कोलकाता मध्ये हवामान कसे असेल?,weather_forecast,mr
How humid is it in Bengaluru?,humidity,en
பெங்களூருவில் வெப்பநிலை எவ்வளவு?,temperature,ta
ಹೈದರಾಬಾದ್ನಲ್ಲಿ ಸೂರ್ಯೋದಯ ಯಾವಾಗ?,sunrise_sunset,kn
આજે હૈદરાબાદમાં વરસાદ પડશે?,rain,gu
কলকাতা এর আবহাওয়া আমাকে বলুন।,weather_current,bn
ବେଙ୍ଗାଲୁରୁରେ କୌଣସି ପାଗ ସତର୍କତା ଅଛି କି?,weather_alert,or
मुंबई में अभी मौसम कैसा है?,weather_current,hi
कोलकाता मध्ये सूर्यास्त किती वाजता होतो?,sunrise_sunset,mr
દિલ્હીમાં હવામાનની કોઈ ચેતવણી છે?,weather_alert,gu
ఢిల్లీలో గాలి ఎంత వేగంగా వీస్తోంది?,wind,te
કાલે હૈદરાબાદમાં હવામાન કેવું રહેશે?,weather_forecast,gu
புனேவில் காற்றின் தரம் எப்படி உள்ளது?,air_quality,ta
ପୁଣେରେ ଆଜି ପାଗ କେମିତି ଅଛି?,weather_current,or
ଆସନ୍ତାକାଲି ହାଇଦ୍ରାବାଦରେ ପାଗ କେମିତି ରହିବ?,weather_forecast,or
ਪੁਣੇ ਵਿੱਚ ਨਮੀ ਕਿੰਨੀ ਹੈ?,humidity,pa
मुंबई में बारिश की संभावना है?,rain,hi
ఈ వారాంతంలో బెంగళూరులో వాతావరణం ఎలా ఉంటుంది?,weather_forecast,te
"மும்பை அல்லது சென்னை, எது குளிராக உள்ளது?",weather_comparison,ta
மும்பைவில் சூரிய அஸ்தமனம் எப்போது?,sunrise_sunset,ta
நாளை பெங்களூருவில் மழை பெய்யுமா?,rain,ta
દિલ્હીનો AQI કેટલો છે?,air_quality,gu
What will the humidity be in Hyderabad?,humidity,en
চেন্নাই এর আবহাওয়ার পূর্বাভাস কী?,weather_forecast,bn
પુણેમાં તાપમાન કેટલું છે?,temperature,gu
How strong is the wind in Pune?,wind,en
क्या कल हैदराबाद में बारिश होगी?,rain,hi
ਕੀ ਅੱਜ ਪੁਣੇ ਵਿੱਚ ਮੀਂਹ ਪਵੇਗਾ?,rain,pa
When is sunset in Pune?,sunrise_sunset,en
दिल्ली मध्ये वाऱ्याचा वेग किती आहे?,wind,mr
ಮುಂಬೈನಲ್ಲಿ ಎಷ್ಟು ಬಿಸಿಯಾಗಿದೆ?,temperature,kn
Is rain expected in Chennai?,rain,en
కోల్‌కతాకి వాతావరణ హెచ్చరికలు ఏమైనా ఉన్నాయా?,weather_alert,te
ਕੋਲਕਾਤਾ ਵਿੱਚ ਮੀਂਹ ਦੀ ਸੰਭਾਵਨਾ ਹੈ?,rain,pa
ముంబైలో ఉష్ణోగ్రత ఎంత?,temperature,te
ચેન્નાઈ માટે કોઈ હવામાન ચેતવણી છે?,weather_alert,gu
મુંબઈમાં વરસાદની શક્યતા છે?,rain,gu
ମୁମ୍ବାଇର ବର୍ତ୍ତମାନ ପାଗ କେମିତି?,weather_current,or
இந்த வார இறுதியில் மும்பைவில் வானிலை எப்படி இருக்கும்?,weather_forecast,ta
டெல்லிவில் வெப்பநிலை எவ்வளவு?,temperature,ta
ଭୁବନେଶ୍ୱରରେ ସୂର୍ଯ୍ୟାସ୍ତ କେତେବେଳେ?,sunrise_sunset,or
ବେଙ୍ଗାଲୁରୁ ପାଇଁ କୌଣସି ପାଣିପାଗ ସତର୍କତା ଅଛି କି?,weather_alert,or
ఈ రోజు ముంబైలో వర్షం పడుతుందా?,rain,te
Is there a weather warning for Delhi?,weather_alert,en
ବେଙ୍ଗାଲୁରୁରେ ସୂର୍ଯ୍ୟାସ୍ତ କେତେବେଳେ?,sunrise_sunset,or
भुवनेश्वर में बारिश की संभावना है?,rain,hi
ਅੱਜ ਬੈਂਗਲੁਰੂ ਦਾ ਮੌਸਮ ਕਿਹੋ ਜਿਹਾ ਹੈ?,weather_current,pa
પુણેનો AQI કેટલો છે?,air_quality,gu
Will it rain in Chennai today?,rain,en
హైదరాబాద్లో ప్రస్తుత వాతావరణం ఎలా ఉంది?,weather_current,te
ಹೈದರಾಬಾದ್ನಲ್ಲಿ ತಾಪಮಾನ ಎಷ್ಟು?,temperature,kn
मुंबई के लिए कोई मौसम चेतावनी है?,weather_alert,hi
ಇಂದು ಹೈದರಾಬಾದ್ನಲ್ಲಿ ಹವಾಮಾನ ಹೇಗಿರುತ್ತದೆ?,weather_current,kn
मुंबई में आज मौसम कैसा है?,weather_current,hi
এই সপ্তাহান্তে চেন্নাই এর আবহাওয়া কেমন হবে?,weather_forecast,bn
કોલકાતા અને ચેન્નાઈમાંથી કયું વધુ ઠંડું છે?,weather_comparison,gu
कल कोलकाता में मौसम कैसा रहेगा?,weather_forecast,hi
ಮುಂಬೈನಲ್ಲಿ ಪ್ರಸ್ತುತ ಹವಾಮಾನ ಹೇಗಿದೆ?,weather_current,kn
ਕੀ ਅੱਜ ਪੁਣੇ ਵਿੱਚ ਮੀਂਹ ਪਵੇਗਾ?,rain,pa
आज चेन्नई मध्ये पाऊस पडेल का?,rain,mr
"சென்னை அல்லது டெல்லி, எது குளிராக உள்ளது?",weather_comparison,ta
ਬੈਂਗਲੁਰੂ ਵਿੱਚ ਨਮੀ ਕਿੰਨੀ ਹੈ?,humidity,pa
उद्या भुवनेश्वर मध्ये हवामान कसे असेल?,weather_forecast,mr
హైదరాబాద్లో ఎంత వేడిగా ఉంది?,temperature,te
ਦਿੱਲੀ ਦਾ ਮੌਸਮ ਪੂਰਵ ਅਨੁਮਾਨ ਕੀ ਹੈ?,weather_forecast,pa
Tell me the temperature in Kolkata.,temperature,en
मुंबई में मौसम की कोई चेतावनी है?,weather_alert,hi
આજે મુંબઈમાં વરસાદ પડશે?,rain,gu
மும்பைக்கு வானிலை எச்சரிக்கை உள்ளதா?,weather_alert,ta
How will the weather be in Hyderabad this weekend?,weather_forecast,en
What is the weather like in Bengaluru?,weather_current,en
బెంగళూరులో తేమ ఎంత?,humidity,te
நாளை சென்னைவில் மழை பெய்யுமா?,rain,ta
ਦਿੱਲੀ ਅਤੇ ਪੁਣੇ ਦੇ ਮੌਸਮ ਦੀ ਤੁਲਨਾ ਕਰੋ।,weather_comparison,pa
ਹੈਦਰਾਬਾਦ ਵਿੱਚ ਨਮੀ ਕਿੰਨੀ ਹੈ?,humidity,pa
পুনে এর আবহাওয়ার পূর্বাভাস কী?,weather_forecast,bn
ಹೈದರಾಬಾದ್ನಲ್ಲಿ ಪ್ರಸ್ತುತ ಹವಾಮಾನ ಹೇಗಿದೆ?,weather_current,kn
કોલકાતામાં સૂર્યાસ્ત કેટલા વાગ્યે થાય છે?,sunrise_sunset,gu
Compare the weather in Bengaluru and Delhi.,weather_comparison,en
पुणे का मौसम पूर्वानुमान बताओ।,weather_forecast,hi
ଆସନ୍ତାକାଲି ହାଇଦ୍ରାବାଦରେ ପାଗ କେମିତି ରହିବ?,weather_forecast,or
મુંબઈમાં વરસાદની શક્યતા છે?,rain,gu
ਕੋਲਕਾਤਾ ਵਿੱਚ ਮੌਸਮ ਦੀ ਕੋਈ ਚੇਤਾਵਨੀ ਹੈ?,weather_alert,pa
ਪੁਣੇ ਵਿੱਚ ਸੂਰਜ ਕਿੰਨੇ ਵਜੇ ਚੜ੍ਹਦਾ ਹੈ?,sunrise_sunset,pa
How cold is it in Delhi?,temperature,en
કાલે હૈદરાબાદમાં તાપમાન કેટલું રહેશે?,temperature,gu
ਭੁਵਨੇਸ਼ਵਰ ਵਿੱਚ ਕਿੰਨੀ ਨਮੀ ਹੈ?,humidity,pa
ਇਸ ਹਫ਼ਤੇ ਦੇ ਅੰਤ ਵਿੱਚ ਚੇਨਈ ਵਿੱਚ ਮੌਸਮ ਕਿਹੋ ਜਿਹਾ ਰਹੇਗਾ?,weather_forecast,pa
Is there a chance of rain in Delhi?,rain,en
What time does the sun rise in Bhubaneswar?,sunrise_sunset,en
நாளை ஹைதராபாத்வில் மழை பெய்யுமா?,rain,ta
Give me the weather forecast for Chennai.,weather_forecast,en
Compare the weather in Hyderabad and Delhi.,weather_comparison,en
दिल्ली मध्ये आज हवामान कसे आहे?,weather_current,mr
ನಾಳೆ ಭುವನೇಶ್ವರನಲ್ಲಿ ಮಳೆ ಬೀಳುತ್ತದೆಯೇ?,rain,kn
ಹೈದರಾಬಾದ್ನಲ್ಲಿ ಗಾಳಿ ಎಷ್ಟು ವೇಗವಾಗಿ ಬೀಸುತ್ತಿದೆ?,wind,kn
इस सप्ताह के अंत में चेन्नई में मौसम कैसा रहेगा?,weather_forecast,hi
चेन्नई मध्ये वाऱ्याचा वेग किती आहे?,wind,mr
ಭುವನೇಶ್ವರನಲ್ಲಿ ಗಾಳಿ ಎಷ್ಟು ವೇಗವಾಗಿ ಬೀಸುತ್ತಿದೆ?,wind,kn
ਮੁੰਬਈ ਵਿੱਚ ਮੀਂਹ ਦੀ ਸੰਭਾਵਨਾ ਹੈ?,rain,pa
"ಹೈದರಾಬಾದ್ ಅಥವಾ ದೆಹಲಿ, ಯಾವುದು ಹೆಚ್ಚು ತಂಪಾಗಿದೆ?",weather_comparison,kn
আগামীকাল কলকাতা এর আবহাওয়া কেমন থাকবে?,weather_forecast,bn
ଚେନ୍ନାଇରେ ପବନର ବେଗ କେତେ?,wind,or
భువనేశ్వర్లో గాలి నాణ్యత ఎలా ఉంది?,air_quality,te
కోల్‌కతాలో గాలి వేగం ఎంత?,wind,te
ஹைதராபாத்வில் தற்போதைய வானிலை எப்படி உள்ளது?,weather_current,ta
દિલ્હીમાં કેટલી ગરમી છે?,temperature,gu
ଦିଲ୍ଲୀରେ କୌଣସି ପାଗ ସତର୍କତା ଅଛି କି?,weather_alert,or
ଚେନ୍ନାଇରେ ଆଜି ପାଗ କେମିତି ଅଛି?,weather_current,or
హైదరాబాద్లో తేమ ఎంత?,humidity,te
ఈ రోజు కోల్‌కతాలో తేమ ఎంత ఉంటుంది?,humidity,te
Are there any severe weather warnings in Kolkata?,weather_alert,en
ଆସନ୍ତାକାଲି କୋଲକାତାରେ ବର୍ଷା ହେବ କି?,rain,or
ਦਿੱਲੀ ਦਾ AQI ਕਿੰਨਾ ਹੈ?,air_quality,pa
दिल्ली में सूर्यास्त कितने बजे होगा?,sunrise_sunset,hi
କୋଲକାତାର AQI କେତେ?,air_quality,or
મુંબઈ અને ભુવનેશ્વરમાંથી કયું વધુ ઠંડું છે?,weather_comparison,gu
ਚੇਨਈ ਦਾ ਮੌਸਮ ਪੂਰਵ ਅਨੁਮਾਨ ਕੀ ਹੈ?,weather_forecast,pa
ದೆಹಲಿನಲ್ಲಿ ಹವಾಮಾನ ಎಚ್ಚರಿಕೆ ಇದೆಯೇ?,weather_alert,kn
What will the weather be like in Bengaluru tomorrow?,weather_forecast,en
How is the air quality in Bhubaneswar?,air_quality,en
আগামীকাল চেন্নাই এর আবহাওয়া কেমন থাকবে?,weather_forecast,bn
चेन्नई मध्ये सूर्यास्त किती वाजता होतो?,sunrise_sunset,mr
ಹೈದರಾಬಾದ್ನಲ್ಲಿ ಪ್ರಸ್ತುತ ಹವಾಮಾನ ಹೇಗಿದೆ?,weather_current,kn
Tell me the temperature in Bhubaneswar.,temperature,en
హైదరాబాద్లో ఎంత తేమ ఉంది?,humidity,te
ਕੀ ਅੱਜ ਹੈਦਰਾਬਾਦ ਵਿੱਚ ਮੀਂਹ ਪਵੇਗਾ?,rain,pa
कोलकाता मध्ये वाऱ्याचा वेग किती आहे?,wind,mr
କୋଲକାତାରେ ଆର୍ଦ୍ରତା କେତେ?,humidity,or
कोलकाता में कितनी गर्मी है?,temperature,hi
दिल्ली चा AQI किती आहे?,air_quality,mr
મુંબઈ અને ભુવનેશ્વરમાંથી કયું વધુ ઠંડું છે?,weather_comparison,gu
हैदराबाद में आर्द्रता कितनी है?,humidity,hi
புனேவில் மழைக்கு வாய்ப்பு உள்ளதா?,rain,ta
ਕੋਲਕਾਤਾ ਅਤੇ ਬੈਂਗਲੁਰੂ ਵਿੱਚੋਂ ਕਿਹੜਾ ਠੰਡਾ ਹੈ?,weather_comparison,pa
What will the temperature be in Bhubaneswar tomorrow?,temperature,en
भुवनेश्वर में कितनी गर्मी है?,temperature,hi
আগামীকাল পুনে এর আবহাওয়া কেমন থাকবে?,weather_forecast,bn
દિલ્હીનું હાલનું હવામાન કેવું છે?,weather_current,gu
బెంగళూరులో తేమ ఎంత?,humidity,te
হায়দ্রাবাদ এর বর্তমান আবহাওয়া কেমন?,weather_current,bn
"Which city is colder, Pune or Delhi?",weather_comparison,en
"ହାଇଦ୍ରାବାଦ ନା ଚେନ୍ନାଇ, କେଉଁଠି ଅଧିକ ଥଣ୍ଡା?",weather_comparison,or
ఈ వారాంతంలో హైదరాబాద్లో వాతావరణం ఎలా ఉంటుంది?,weather_forecast,te
"Which city is colder, Kolkata or Delhi?",weather_comparison,en
Will it rain tomorrow in Pune?,rain,en
நாளை கொல்கத்தாவில் மழை பெய்யுமா?,rain,ta
মুম্বাই এ বাতাসের গতি কত?,wind,bn
கொல்கத்தாவில் வெப்பநிலை எவ்வளவு?,temperature,ta
రేపు భువనేశ్వర్లో ఉష్ణోగ్రత ఎంత ఉంటుంది?,temperature,te
டெல்லிவில் வெப்பநிலை எவ்வளவு?,temperature,ta
சென்னைவில் ஈரப்பதம் எவ்வளவு?,humidity,ta
આજે પુણેમાં હવામાન કેવું છે?,weather_current,gu
ಚೆನ್ನೈನಲ್ಲಿ ಪ್ರಸ್ತುತ ಹವಾಮಾನ ಹೇಗಿದೆ?,weather_current,kn
चेन्नई और पुणे में किसका मौसम बेहतर है?,weather_comparison,hi
இன்று ஹைதராபாத்வில் வானிலை எப்படி இருக்கும்?,weather_current,ta
ମୁମ୍ବାଇର ପାଗ ବିଷୟରେ କୁହନ୍ତୁ।,weather_current,or
આજે હૈદરાબાદમાં હવામાન કેવું છે?,weather_current,gu
ಹೈದರಾಬಾದ್ನಲ್ಲಿ ಇಂದು ಹವಾಮಾನ ಹೇಗಿದೆ?,weather_current,kn
ਕੀ ਕੱਲ੍ਹ ਪੁਣੇ ਵਿੱਚ ਮੀਂਹ ਪਵੇਗਾ?,rain,pa
ਅੱਜ ਚੇਨਈ ਵਿੱਚ ਨਮੀ ਕਿੰਨੀ ਰਹੇਗੀ?,humidity,pa
ਭੁਵਨੇਸ਼ਵਰ ਲਈ ਕੋਈ ਮੌਸਮ ਚੇਤਾਵਨੀ ਹੈ?,weather_alert,pa
ମୁମ୍ବାଇରେ ବର୍ଷା ହେବାର ସମ୍ଭାବନା ଅଛି କି?,rain,or
How humid is it in Hyderabad?,humidity,en
ବେଙ୍ଗାଲୁରୁର AQI କେତେ?,air_quality,or
કાલે પુણેમાં તાપમાન કેટલું રહેશે?,temperature,gu
क्या आज कोलकाता में बारिश होगी?,rain,hi
What will the weather be like in Pune tomorrow?,weather_forecast,en
சென்னைவில் காற்றின் தரம் எப்படி உள்ளது?,air_quality,ta
புனேவில் சூரிய அஸ்தமனம் எப்போது?,sunrise_sunset,ta
What time is sunrise in Chennai?,sunrise_sunset,en
What is the temperature in Bengaluru?,temperature,en
ચેન્નાઈમાં પવનની ઝડપ કેટલી છે?,wind,gu
"పుణె లేదా హైదరాబాద్, ఏది చల్లగా ఉంది?",weather_comparison,te
Are there any severe weather warnings in Bhubaneswar?,weather_alert,en
ఈ రోజు చెన్నైలో వర్షం పడుతుందా?,rain,te
Will it rain tomorrow in Hyderabad?,rain,en
What will the weather be like in Pune tomorrow?,weather_forecast,en
ಬೆಂಗಳೂರು ಮತ್ತು ಭುವನೇಶ್ವರ ಹವಾಮಾನವನ್ನು ಹೋಲಿಸಿ.,weather_comparison,kn
মুম্বাই এর AQI কত?,air_quality,bn
இன்று டெல்லிவில் ஈரப்பதம் எவ்வளவு இருக்கும்?,humidity,ta
आज हैदराबाद मध्ये पाऊस पडेल का?,rain,mr
ਭੁਵਨੇਸ਼ਵਰ ਵਿੱਚ ਸੂਰਜ ਕਿੰਨੇ ਵਜੇ ਡੁੱਬਦਾ ਹੈ?,sunrise_sunset,pa
आज मुंबई चे हवामान कसे आहे?,weather_current,mr
भुवनेश्वर में अभी मौसम कैसा है?,weather_current,hi
ଦିଲ୍ଲୀର ପାଗ ବିଷୟରେ କୁହନ୍ତୁ।,weather_current,or
ಭುವನೇಶ್ವರನಲ್ಲಿ ಗಾಳಿಯ ವೇಗ ಎಷ್ಟು?,wind,kn
Tell me the current weather in Hyderabad.,weather_current,en
How cold is it in Bhubaneswar?,temperature,en
मुंबई मध्ये हवेची गुणवत्ता कशी आहे?,air_quality,mr
आज पुणे में मौसम कैसा रहेगा?,weather_current,hi
பெங்களூருவில் தற்போதைய வானிலை எப்படி உள்ளது?,weather_current,ta
कोलकाता साठी हवामानाची कोणतीही चेतावणी आहे का?,weather_alert,mr
புனேவில் ஏதேனும் வானிலை எச்சரிக்கை உள்ளதா?,weather_alert,ta
What will the humidity be in Mumbai?,humidity,en
मुंबई में सूर्योदय कितने बजे होगा?,sunrise_sunset,hi
ভুবনেশ্বর এর আবহাওয়ার পূর্বাভাস কী?,weather_forecast,bn
ହାଇଦ୍ରାବାଦରେ ବାୟୁର ଗୁଣବତ୍ତା କେମିତି?,air_quality,or
আজ কি ভুবনেশ্বর এ বৃষ্টি হবে?,rain,bn
દિલ્હીમાં સૂર્યોદય કેટલા વાગ્યે થાય છે?,sunrise_sunset,gu
How is the weather today in Pune?,weather_current,en
बेंगलुरु में सूर्यास्त कितने बजे होगा?,sunrise_sunset,hi
"Which city is colder, Chennai or Mumbai?",weather_comparison,en
মুম্বাই এর বর্তমান আবহাওয়া কেমন?,weather_current,bn
ਇਸ ਹਫ਼ਤੇ ਦੇ ਅੰਤ ਵਿੱਚ ਕੋਲਕਾਤਾ ਵਿੱਚ ਮੌਸਮ ਕਿਹੋ ਜਿਹਾ ਰਹੇਗਾ?,weather_forecast,pa
புவனேஸ்வர் மற்றும் சென்னை வானிலையை ஒப்பிடுங்கள்.,weather_comparison,ta
ਦਿੱਲੀ ਦਾ AQI ਕਿੰਨਾ ਹੈ?,air_quality,pa
আগামীকাল কলকাতা এর তাপমাত্রা কত থাকবে?,temperature,bn
ਬੈਂਗਲੁਰੂ ਵਿੱਚ ਮੀਂਹ ਦੀ ਸੰਭਾਵਨਾ ਹੈ?,rain,pa
કાલે બેંગલુરુમાં તાપમાન કેટલું રહેશે?,temperature,gu
Are there any severe weather warnings in Hyderabad?,weather_alert,en
চেন্নাই এর তাপমাত্রা কত?,temperature,bn
புனேவில் எவ்வளவு வெப்பமாக உள்ளது?,temperature,ta
ମୁମ୍ବାଇର AQI କେତେ?,air_quality,or
ਦਿੱਲੀ ਵਿੱਚ ਤਾਪਮਾਨ ਕਿੰਨਾ ਹੈ?,temperature,pa
ଭୁବନେଶ୍ୱରରେ ସୂର୍ଯ୍ୟୋଦୟ କେତେବେଳେ?,sunrise_sunset,or
ହାଇଦ୍ରାବାଦରେ ପବନର ବେଗ କେତେ?,wind,or
How strong is the wind in Delhi?,wind,en
நாளை டெல்லிவில் மழை பெய்யுமா?,rain,ta
ಪುಣೆನಲ್ಲಿ ಸೂರ್ಯೋದಯ ಯಾವಾಗ?,sunrise_sunset,kn
ਚੇਨਈ ਵਿੱਚ ਤਾਪਮਾਨ ਕਿੰਨਾ ਹੈ?,temperature,pa
ਅੱਜ ਪੁਣੇ ਵਿੱਚ ਨਮੀ ਕਿੰਨੀ ਰਹੇਗੀ?,humidity,pa
उद्या मुंबई मध्ये तापमान किती असेल?,temperature,mr
बेंगळुरू मध्ये आज हवामान कसे आहे?,weather_current,mr
కోల్‌కతాలో సూర్యోదయం ఎప్పుడు?,sunrise_sunset,te
இன்று ஹைதராபாத்வில் வானிலை எப்படி இருக்கும்?,weather_current,ta
કોલકાતાનું હાલનું હવામાન કેવું છે?,weather_current,gu
Tell me the temperature in Kolkata.,temperature,en
How windy is it in Bhubaneswar?,wind,en
बेंगलुरु और कोलकाता में किसका मौसम बेहतर है?,weather_comparison,hi
पुणे में सूर्योदय कितने बजे होगा?,sunrise_sunset,hi
ଚେନ୍ନାଇରେ କେତେ ଆର୍ଦ୍ରତା ଅଛି?,humidity,or
பெங்களூருவில் சூரிய அஸ்தமனம் எப்போது?,sunrise_sunset,ta
ବେଙ୍ଗାଲୁରୁରେ ବାୟୁର ଗୁଣବତ୍ତା କେମିତି?,air_quality,or
கொல்கத்தா வானிலை முன்னறிவிப்பு என்ன?,weather_forecast,ta
आज भुवनेश्वर में नमी कितनी रहेगी?,humidity,hi
ଚେନ୍ନାଇରେ ତାପମାତ୍ରା କେତେ?,temperature,or
சென்னைவில் ஈரப்பதம் எவ்வளவு?,humidity,ta
દિલ્હીમાં હવાની ગુણવત્તા કેવી છે?,air_quality,gu
Tell me the temperature in Kolkata.,temperature,en
ನಾಳೆ ದೆಹಲಿನಲ್ಲಿ ಹವಾಮಾನ ಹೇಗಿರುತ್ತದೆ?,weather_forecast,kn
சென்னைவில் சூரிய அஸ்தமனம் எப்போது?,sunrise_sunset,ta
బెంగళూరులో ఎంత తేమ ఉంది?,humidity,te
ಹೈದರಾಬಾದ್ನಲ್ಲಿ ತೇವಾಂಶ ಎಷ್ಟು?,humidity,kn
पुणे का वर्तमान मौसम बताओ।,weather_current,hi
ଏହି ସପ୍ତାହ ଶେଷରେ କୋଲକାତାର ପାଗ କେମିତି ରହିବ?,weather_forecast,or
What is the weather like in Bhubaneswar?,weather_current,en
हैदराबाद चा AQI किती आहे?,air_quality,mr
Compare the weather in Hyderabad and Delhi.,weather_comparison,en
How is the weather in Hyderabad right now?,weather_current,en
પુણે અને હૈદરાબાદના હવામાનની તુલના કરો.,weather_comparison,gu
आज हैदराबाद मध्ये आर्द्रता किती असेल?,humidity,mr
Tell me the current weather in Chennai.,weather_current,en
कोलकाता मध्ये किती दमट आहे?,humidity,mr
ನಾಳೆ ದೆಹಲಿನಲ್ಲಿ ಮಳೆ ಬೀಳುತ್ತದೆಯೇ?,rain,kn
इस सप्ताह के अंत में मुंबई में मौसम कैसा रहेगा?,weather_forecast,hi
बेंगळुरू मध्ये किती दमट आहे?,humidity,mr
आज दिल्ली मध्ये पाऊस पडेल का?,rain,mr
நாளை ஹைதராபாத்வில் வானிலை எப்படி இருக்கும்?,weather_forecast,ta
दिल्ली में नमी कितनी है?,humidity,hi
